"year","Biomass max yearday S27","Chyp I+II+III max yearday S27","Chyp max yearday S27","Cfin I+II+III max yearday S27","Cfin max yearday S27","Ice area NL","Ice end day NL","Bloom duration Flemish Pass","Bloom duration Hibernia","Bloom duration Northeast Nfld Shelf","Bloom duration Southeast Shoal","Bloom duration St. Anthony Basin","Bloom start Flemish Pass","Bloom start Hibernia","Bloom start Northeast Nfld Shelf","Bloom start Southeast Shoal","Bloom start St. Anthony Basin","SST warming St.Anthony Basin","SST warming Northeast Nfld Shelf","SST warming Hybernia","SST warming Flemish Pass","SST warming Southeast Shoal","Ice volume NL","Deep temp 3Ps","Deep temp 3LNO spring","Deep temp 2J","Deep temp 3K","Deep temp 3LNO fall","SST 2J","SST 3K","SST 3L","SST 3N","SST 3O","SST 3P","AMO","transect","BIVCLA","CALFIN","CALGLA","CALHYP","CNICLA","EUPORD","GASCLA","HYPFAM","LARCLA","METLON","METLUC","METRSP","MICRSP","OITHSP","PSEUSP","SCOMIN","TEMLON","NAO","CIL volume Seal Island","CIL volume White Bay","CIL volume Bonavista","CIL volumeFlemish Cap"
1895,NA,NA,NA,NA,NA,NA,NA,NA,NA,NA,NA,NA,NA,NA,NA,NA,NA,NA,NA,NA,NA,NA,NA,NA,NA,NA,NA,NA,NA,NA,NA,NA,NA,NA,NA,NA,NA,NA,NA,NA,NA,NA,NA,NA,NA,NA,NA,NA,NA,NA,NA,NA,NA,2.16,NA,NA,NA,NA
1896,NA,NA,NA,NA,NA,NA,NA,NA,NA,NA,NA,NA,NA,NA,NA,NA,NA,NA,NA,NA,NA,NA,NA,NA,NA,NA,NA,NA,NA,NA,NA,NA,NA,NA,NA,NA,NA,NA,NA,NA,NA,NA,NA,NA,NA,NA,NA,NA,NA,NA,NA,NA,NA,16.62,NA,NA,NA,NA
1897,NA,NA,NA,NA,NA,NA,NA,NA,NA,NA,NA,NA,NA,NA,NA,NA,NA,NA,NA,NA,NA,NA,NA,NA,NA,NA,NA,NA,NA,NA,NA,NA,NA,NA,NA,NA,NA,NA,NA,NA,NA,NA,NA,NA,NA,NA,NA,NA,NA,NA,NA,NA,NA,20.69,NA,NA,NA,NA
1898,NA,NA,NA,NA,NA,NA,NA,NA,NA,NA,NA,NA,NA,NA,NA,NA,NA,NA,NA,NA,NA,NA,NA,NA,NA,NA,NA,NA,NA,NA,NA,NA,NA,NA,NA,NA,NA,NA,NA,NA,NA,NA,NA,NA,NA,NA,NA,NA,NA,NA,NA,NA,NA,26.72,NA,NA,NA,NA
1899,NA,NA,NA,NA,NA,NA,NA,NA,NA,NA,NA,NA,NA,NA,NA,NA,NA,NA,NA,NA,NA,NA,NA,NA,NA,NA,NA,NA,NA,NA,NA,NA,NA,NA,NA,NA,NA,NA,NA,NA,NA,NA,NA,NA,NA,NA,NA,NA,NA,NA,NA,NA,NA,13.76,NA,NA,NA,NA
1900,NA,NA,NA,NA,NA,NA,NA,NA,NA,NA,NA,NA,NA,NA,NA,NA,NA,NA,NA,NA,NA,NA,NA,NA,NA,NA,NA,NA,NA,NA,NA,NA,NA,NA,NA,NA,NA,NA,NA,NA,NA,NA,NA,NA,NA,NA,NA,NA,NA,NA,NA,NA,NA,12.92,NA,NA,NA,NA
1901,NA,NA,NA,NA,NA,NA,NA,NA,NA,NA,NA,NA,NA,NA,NA,NA,NA,NA,NA,NA,NA,NA,NA,NA,NA,NA,NA,NA,NA,NA,NA,NA,NA,NA,NA,NA,NA,NA,NA,NA,NA,NA,NA,NA,NA,NA,NA,NA,NA,NA,NA,NA,NA,14.06,NA,NA,NA,NA
1902,NA,NA,NA,NA,NA,NA,NA,NA,NA,NA,NA,NA,NA,NA,NA,NA,NA,NA,NA,NA,NA,NA,NA,NA,NA,NA,NA,NA,NA,NA,NA,NA,NA,NA,NA,NA,NA,NA,NA,NA,NA,NA,NA,NA,NA,NA,NA,NA,NA,NA,NA,NA,NA,10.69,NA,NA,NA,NA
1903,NA,NA,NA,NA,NA,NA,NA,NA,NA,NA,NA,NA,NA,NA,NA,NA,NA,NA,NA,NA,NA,NA,NA,NA,NA,NA,NA,NA,NA,NA,NA,NA,NA,NA,NA,NA,NA,NA,NA,NA,NA,NA,NA,NA,NA,NA,NA,NA,NA,NA,NA,NA,NA,25.66,NA,NA,NA,NA
1904,NA,NA,NA,NA,NA,NA,NA,NA,NA,NA,NA,NA,NA,NA,NA,NA,NA,NA,NA,NA,NA,NA,NA,NA,NA,NA,NA,NA,NA,NA,NA,NA,NA,NA,NA,NA,NA,NA,NA,NA,NA,NA,NA,NA,NA,NA,NA,NA,NA,NA,NA,NA,NA,26.16,NA,NA,NA,NA
1905,NA,NA,NA,NA,NA,NA,NA,NA,NA,NA,NA,NA,NA,NA,NA,NA,NA,NA,NA,NA,NA,NA,NA,NA,NA,NA,NA,NA,NA,NA,NA,NA,NA,NA,NA,NA,NA,NA,NA,NA,NA,NA,NA,NA,NA,NA,NA,NA,NA,NA,NA,NA,NA,21.09,NA,NA,NA,NA
1906,NA,NA,NA,NA,NA,NA,NA,NA,NA,NA,NA,NA,NA,NA,NA,NA,NA,NA,NA,NA,NA,NA,NA,NA,NA,NA,NA,NA,NA,NA,NA,NA,NA,NA,NA,NA,NA,NA,NA,NA,NA,NA,NA,NA,NA,NA,NA,NA,NA,NA,NA,NA,NA,27.79,NA,NA,NA,NA
1907,NA,NA,NA,NA,NA,NA,NA,NA,NA,NA,NA,NA,NA,NA,NA,NA,NA,NA,NA,NA,NA,NA,NA,NA,NA,NA,NA,NA,NA,NA,NA,NA,NA,NA,NA,NA,NA,NA,NA,NA,NA,NA,NA,NA,NA,NA,NA,NA,NA,NA,NA,NA,NA,25.92,NA,NA,NA,NA
1908,NA,NA,NA,NA,NA,NA,NA,NA,NA,NA,NA,NA,NA,NA,NA,NA,NA,NA,NA,NA,NA,NA,NA,NA,NA,NA,NA,NA,NA,NA,NA,NA,NA,NA,NA,NA,NA,NA,NA,NA,NA,NA,NA,NA,NA,NA,NA,NA,NA,NA,NA,NA,NA,26.46,NA,NA,NA,NA
1909,NA,NA,NA,NA,NA,NA,NA,NA,NA,NA,NA,NA,NA,NA,NA,NA,NA,NA,NA,NA,NA,NA,NA,NA,NA,NA,NA,NA,NA,NA,NA,NA,NA,NA,NA,NA,NA,NA,NA,NA,NA,NA,NA,NA,NA,NA,NA,NA,NA,NA,NA,NA,NA,24.46,NA,NA,NA,NA
1910,NA,NA,NA,NA,NA,NA,NA,NA,NA,NA,NA,NA,NA,NA,NA,NA,NA,NA,NA,NA,NA,NA,NA,NA,NA,NA,NA,NA,NA,NA,NA,NA,NA,NA,NA,NA,NA,NA,NA,NA,NA,NA,NA,NA,NA,NA,NA,NA,NA,NA,NA,NA,NA,28.16,NA,NA,NA,NA
1911,NA,NA,NA,NA,NA,NA,NA,NA,NA,NA,NA,NA,NA,NA,NA,NA,NA,NA,NA,NA,NA,NA,NA,NA,NA,NA,NA,NA,NA,NA,NA,NA,NA,NA,NA,NA,NA,NA,NA,NA,NA,NA,NA,NA,NA,NA,NA,NA,NA,NA,NA,NA,NA,21.79,NA,NA,NA,NA
1912,NA,NA,NA,NA,NA,NA,NA,NA,NA,NA,NA,NA,NA,NA,NA,NA,NA,NA,NA,NA,NA,NA,NA,NA,NA,NA,NA,NA,NA,NA,NA,NA,NA,NA,NA,NA,NA,NA,NA,NA,NA,NA,NA,NA,NA,NA,NA,NA,NA,NA,NA,NA,NA,12.59,NA,NA,NA,NA
1913,NA,NA,NA,NA,NA,NA,NA,NA,NA,NA,NA,NA,NA,NA,NA,NA,NA,NA,NA,NA,NA,NA,NA,NA,NA,NA,NA,NA,NA,NA,NA,NA,NA,NA,NA,NA,NA,NA,NA,NA,NA,NA,NA,NA,NA,NA,NA,NA,NA,NA,NA,NA,NA,24.12,NA,NA,NA,NA
1914,NA,NA,NA,NA,NA,NA,NA,NA,NA,NA,NA,NA,NA,NA,NA,NA,NA,NA,NA,NA,NA,NA,NA,NA,NA,NA,NA,NA,NA,NA,NA,NA,NA,NA,NA,NA,NA,NA,NA,NA,NA,NA,NA,NA,NA,NA,NA,NA,NA,NA,NA,NA,NA,23.36,NA,NA,NA,NA
1915,NA,NA,NA,NA,NA,NA,NA,NA,NA,NA,NA,NA,NA,NA,NA,NA,NA,NA,NA,NA,NA,NA,NA,NA,NA,NA,NA,NA,NA,NA,NA,NA,NA,NA,NA,NA,NA,NA,NA,NA,NA,NA,NA,NA,NA,NA,NA,NA,NA,NA,NA,NA,NA,24.59,NA,NA,NA,NA
1916,NA,NA,NA,NA,NA,NA,NA,NA,NA,NA,NA,NA,NA,NA,NA,NA,NA,NA,NA,NA,NA,NA,NA,NA,NA,NA,NA,NA,NA,NA,NA,NA,NA,NA,NA,NA,NA,NA,NA,NA,NA,NA,NA,NA,NA,NA,NA,NA,NA,NA,NA,NA,NA,24.12,NA,NA,NA,NA
1917,NA,NA,NA,NA,NA,NA,NA,NA,NA,NA,NA,NA,NA,NA,NA,NA,NA,NA,NA,NA,NA,NA,NA,NA,NA,NA,NA,NA,NA,NA,NA,NA,NA,NA,NA,NA,NA,NA,NA,NA,NA,NA,NA,NA,NA,NA,NA,NA,NA,NA,NA,NA,NA,4.76,NA,NA,NA,NA
1918,NA,NA,NA,NA,NA,NA,NA,NA,NA,NA,NA,NA,NA,NA,NA,NA,NA,NA,NA,NA,NA,NA,NA,NA,NA,NA,NA,NA,NA,NA,NA,NA,NA,NA,NA,NA,NA,NA,NA,NA,NA,NA,NA,NA,NA,NA,NA,NA,NA,NA,NA,NA,NA,11.99,NA,NA,NA,NA
1919,NA,NA,NA,NA,NA,NA,NA,NA,NA,NA,NA,NA,NA,NA,NA,NA,NA,NA,NA,NA,NA,NA,NA,NA,NA,NA,NA,NA,NA,NA,NA,NA,NA,NA,NA,NA,NA,NA,NA,NA,NA,NA,NA,NA,NA,NA,NA,NA,NA,NA,NA,NA,NA,14.76,NA,NA,NA,NA
1920,NA,NA,NA,NA,NA,NA,NA,NA,NA,NA,NA,NA,NA,NA,NA,NA,NA,NA,NA,NA,NA,NA,NA,NA,NA,NA,NA,NA,NA,NA,NA,NA,NA,NA,NA,NA,NA,NA,NA,NA,NA,NA,NA,NA,NA,NA,NA,NA,NA,NA,NA,NA,NA,17.43,NA,NA,NA,NA
1921,NA,NA,NA,NA,NA,NA,NA,NA,NA,NA,NA,NA,NA,NA,NA,NA,NA,NA,NA,NA,NA,NA,NA,NA,NA,NA,NA,NA,NA,NA,NA,NA,NA,NA,NA,NA,NA,NA,NA,NA,NA,NA,NA,NA,NA,NA,NA,NA,NA,NA,NA,NA,NA,20.06,NA,NA,NA,NA
1922,NA,NA,NA,NA,NA,NA,NA,NA,NA,NA,NA,NA,NA,NA,NA,NA,NA,NA,NA,NA,NA,NA,NA,NA,NA,NA,NA,NA,NA,NA,NA,NA,NA,NA,NA,NA,NA,NA,NA,NA,NA,NA,NA,NA,NA,NA,NA,NA,NA,NA,NA,NA,NA,32.56,NA,NA,NA,NA
1923,NA,NA,NA,NA,NA,NA,NA,NA,NA,NA,NA,NA,NA,NA,NA,NA,NA,NA,NA,NA,NA,NA,NA,NA,NA,NA,NA,NA,NA,NA,NA,NA,NA,NA,NA,NA,NA,NA,NA,NA,NA,NA,NA,NA,NA,NA,NA,NA,NA,NA,NA,NA,NA,26.39,NA,NA,NA,NA
1924,NA,NA,NA,NA,NA,NA,NA,NA,NA,NA,NA,NA,NA,NA,NA,NA,NA,NA,NA,NA,NA,NA,NA,NA,NA,NA,NA,NA,NA,NA,NA,NA,NA,NA,NA,NA,NA,NA,NA,NA,NA,NA,NA,NA,NA,NA,NA,NA,NA,NA,NA,NA,NA,20.79,NA,NA,NA,NA
1925,NA,NA,NA,NA,NA,NA,NA,NA,NA,NA,NA,NA,NA,NA,NA,NA,NA,NA,NA,NA,NA,NA,NA,NA,NA,NA,NA,NA,NA,NA,NA,NA,NA,NA,NA,NA,NA,NA,NA,NA,NA,NA,NA,NA,NA,NA,NA,NA,NA,NA,NA,NA,NA,33.42,NA,NA,NA,NA
1926,NA,NA,NA,NA,NA,NA,NA,NA,NA,NA,NA,NA,NA,NA,NA,NA,NA,NA,NA,NA,NA,NA,NA,NA,NA,NA,NA,NA,NA,NA,NA,NA,NA,NA,NA,NA,NA,NA,NA,NA,NA,NA,NA,NA,NA,NA,NA,NA,NA,NA,NA,NA,NA,14.62,NA,NA,NA,NA
1927,NA,NA,NA,NA,NA,NA,NA,NA,NA,NA,NA,NA,NA,NA,NA,NA,NA,NA,NA,NA,NA,NA,NA,NA,NA,NA,NA,NA,NA,NA,NA,NA,NA,NA,NA,NA,NA,NA,NA,NA,NA,NA,NA,NA,NA,NA,NA,NA,NA,NA,NA,NA,NA,21.76,NA,NA,NA,NA
1928,NA,NA,NA,NA,NA,NA,NA,NA,NA,NA,NA,NA,NA,NA,NA,NA,NA,NA,NA,NA,NA,NA,NA,NA,NA,NA,NA,NA,NA,NA,NA,NA,NA,NA,NA,NA,NA,NA,NA,NA,NA,NA,NA,NA,NA,NA,NA,NA,NA,NA,NA,NA,NA,23.46,NA,NA,NA,NA
1929,NA,NA,NA,NA,NA,NA,NA,NA,NA,NA,NA,NA,NA,NA,NA,NA,NA,NA,NA,NA,NA,NA,NA,NA,NA,NA,NA,NA,NA,NA,NA,NA,NA,NA,NA,NA,NA,NA,NA,NA,NA,NA,NA,NA,NA,NA,NA,NA,NA,NA,NA,NA,NA,8.26,NA,NA,NA,NA
1930,NA,NA,NA,NA,NA,NA,NA,NA,NA,NA,NA,NA,NA,NA,NA,NA,NA,NA,NA,NA,NA,NA,NA,NA,NA,NA,NA,NA,NA,NA,NA,NA,NA,NA,NA,NA,NA,NA,NA,NA,NA,NA,NA,NA,NA,NA,NA,NA,NA,NA,NA,NA,NA,27.92,NA,NA,NA,NA
1931,NA,NA,NA,NA,NA,NA,NA,NA,NA,NA,NA,NA,NA,NA,NA,NA,NA,NA,NA,NA,NA,NA,NA,NA,NA,NA,NA,NA,NA,NA,NA,NA,NA,NA,NA,NA,NA,NA,NA,NA,NA,NA,NA,NA,NA,NA,NA,NA,NA,NA,NA,NA,NA,26.89,NA,NA,NA,NA
1932,NA,NA,NA,NA,NA,NA,NA,NA,NA,NA,NA,NA,NA,NA,NA,NA,NA,NA,NA,NA,NA,NA,NA,NA,NA,NA,NA,NA,NA,NA,NA,NA,NA,NA,NA,NA,NA,NA,NA,NA,NA,NA,NA,NA,NA,NA,NA,NA,NA,NA,NA,NA,NA,12.09,NA,NA,NA,NA
1933,NA,NA,NA,NA,NA,NA,NA,NA,NA,NA,NA,NA,NA,NA,NA,NA,NA,NA,NA,NA,NA,NA,NA,NA,NA,NA,NA,NA,NA,NA,NA,NA,NA,NA,NA,NA,NA,NA,NA,NA,NA,NA,NA,NA,NA,NA,NA,NA,NA,NA,NA,NA,NA,19.36,NA,NA,NA,NA
1934,NA,NA,NA,NA,NA,NA,NA,NA,NA,NA,NA,NA,NA,NA,NA,NA,NA,NA,NA,NA,NA,NA,NA,NA,NA,NA,NA,NA,NA,NA,NA,NA,NA,NA,NA,NA,NA,NA,NA,NA,NA,NA,NA,NA,NA,NA,NA,NA,NA,NA,NA,NA,NA,22.12,NA,NA,NA,NA
1935,NA,NA,NA,NA,NA,NA,NA,NA,NA,NA,NA,NA,NA,NA,NA,NA,NA,NA,NA,NA,NA,NA,NA,NA,NA,NA,NA,NA,NA,NA,NA,NA,NA,NA,NA,NA,NA,NA,NA,NA,NA,NA,NA,NA,NA,NA,NA,NA,NA,NA,NA,NA,NA,22.66,NA,NA,NA,NA
1936,NA,NA,NA,NA,NA,NA,NA,NA,NA,NA,NA,NA,NA,NA,NA,NA,NA,NA,NA,NA,NA,NA,NA,NA,NA,NA,NA,NA,NA,NA,NA,NA,NA,NA,NA,NA,NA,NA,NA,NA,NA,NA,NA,NA,NA,NA,NA,NA,NA,NA,NA,NA,NA,2.42,NA,NA,NA,NA
1937,NA,NA,NA,NA,NA,NA,NA,NA,NA,NA,NA,NA,NA,NA,NA,NA,NA,NA,NA,NA,NA,NA,NA,NA,NA,NA,NA,NA,NA,NA,NA,NA,NA,NA,NA,NA,NA,NA,NA,NA,NA,NA,NA,NA,NA,NA,NA,NA,NA,NA,NA,NA,NA,25.49,NA,NA,NA,NA
1938,NA,NA,NA,NA,NA,NA,NA,NA,NA,NA,NA,NA,NA,NA,NA,NA,NA,NA,NA,NA,NA,NA,NA,NA,NA,NA,NA,NA,NA,NA,NA,NA,NA,NA,NA,NA,NA,NA,NA,NA,NA,NA,NA,NA,NA,NA,NA,NA,NA,NA,NA,NA,NA,19.59,NA,NA,NA,NA
1939,NA,NA,NA,NA,NA,NA,NA,NA,NA,NA,NA,NA,NA,NA,NA,NA,NA,NA,NA,NA,NA,NA,NA,NA,NA,NA,NA,NA,NA,NA,NA,NA,NA,NA,NA,NA,NA,NA,NA,NA,NA,NA,NA,NA,NA,NA,NA,NA,NA,NA,NA,NA,NA,21.72,NA,NA,NA,NA
1940,NA,NA,NA,NA,NA,NA,NA,NA,NA,NA,NA,NA,NA,NA,NA,NA,NA,NA,NA,NA,NA,NA,NA,NA,NA,NA,NA,NA,NA,NA,NA,NA,NA,NA,NA,NA,NA,NA,NA,NA,NA,NA,NA,NA,NA,NA,NA,NA,NA,NA,NA,NA,NA,3.46,NA,NA,NA,NA
1941,NA,NA,NA,NA,NA,NA,NA,NA,NA,NA,NA,NA,NA,NA,NA,NA,NA,NA,NA,NA,NA,NA,NA,NA,NA,NA,NA,NA,NA,NA,NA,NA,NA,NA,NA,NA,NA,NA,NA,NA,NA,NA,NA,NA,NA,NA,NA,NA,NA,NA,NA,NA,NA,8.02,NA,NA,NA,NA
1942,NA,NA,NA,NA,NA,NA,NA,NA,NA,NA,NA,NA,NA,NA,NA,NA,NA,NA,NA,NA,NA,NA,NA,NA,NA,NA,NA,NA,NA,NA,NA,NA,NA,NA,NA,NA,NA,NA,NA,NA,NA,NA,NA,NA,NA,NA,NA,NA,NA,NA,NA,NA,NA,15.89,NA,NA,NA,NA
1943,NA,NA,NA,NA,NA,NA,NA,NA,NA,NA,NA,NA,NA,NA,NA,NA,NA,NA,NA,NA,NA,NA,NA,NA,NA,NA,NA,NA,NA,NA,NA,NA,NA,NA,NA,NA,NA,NA,NA,NA,NA,NA,NA,NA,NA,NA,NA,NA,NA,NA,NA,NA,NA,24.19,NA,NA,NA,NA
1944,NA,NA,NA,NA,NA,NA,NA,NA,NA,NA,NA,NA,NA,NA,NA,NA,NA,NA,NA,NA,NA,NA,NA,NA,NA,NA,NA,NA,NA,NA,NA,NA,NA,NA,NA,NA,NA,NA,NA,NA,NA,NA,NA,NA,NA,NA,NA,NA,NA,NA,NA,NA,NA,22.22,NA,NA,NA,NA
1945,NA,NA,NA,NA,NA,NA,NA,NA,NA,NA,NA,NA,NA,NA,NA,NA,NA,NA,NA,NA,NA,NA,NA,NA,NA,NA,NA,NA,NA,NA,NA,NA,NA,NA,NA,NA,NA,NA,NA,NA,NA,NA,NA,NA,NA,NA,NA,NA,NA,NA,NA,NA,NA,21.39,NA,NA,NA,NA
1946,NA,NA,NA,NA,NA,NA,NA,NA,NA,NA,NA,NA,NA,NA,NA,NA,NA,NA,NA,NA,NA,NA,NA,NA,NA,NA,NA,NA,NA,NA,NA,NA,NA,NA,NA,NA,NA,NA,NA,NA,NA,NA,NA,NA,NA,NA,NA,NA,NA,NA,NA,NA,NA,17.96,NA,NA,NA,NA
1947,NA,NA,NA,NA,NA,NA,NA,NA,NA,NA,NA,NA,NA,NA,NA,NA,NA,NA,NA,NA,NA,NA,NA,NA,NA,NA,NA,NA,NA,NA,NA,NA,NA,NA,NA,NA,NA,NA,NA,NA,NA,NA,NA,NA,NA,NA,NA,NA,NA,NA,NA,NA,NA,9.89,NA,NA,NA,NA
1948,NA,NA,NA,NA,NA,NA,NA,NA,NA,NA,NA,NA,NA,NA,NA,NA,NA,NA,NA,NA,NA,NA,NA,NA,NA,NA,NA,NA,NA,NA,NA,NA,NA,NA,0.009,NA,NA,NA,NA,NA,NA,NA,NA,NA,NA,NA,NA,NA,NA,NA,NA,NA,NA,15.29,23.3,NA,17.5,NA
1949,NA,NA,NA,NA,NA,NA,NA,NA,NA,NA,NA,NA,NA,NA,NA,NA,NA,NA,NA,NA,NA,NA,NA,NA,NA,NA,NA,NA,NA,NA,NA,NA,NA,NA,0.08825,NA,NA,NA,NA,NA,NA,NA,NA,NA,NA,NA,NA,NA,NA,NA,NA,NA,NA,26.56,35.1,NA,NA,NA
1950,NA,NA,NA,NA,NA,NA,NA,NA,NA,NA,NA,NA,NA,NA,NA,NA,NA,NA,NA,NA,NA,NA,NA,NA,NA,NA,NA,NA,NA,NA,NA,NA,NA,NA,-0.0124166666666667,NA,NA,NA,NA,NA,NA,NA,NA,NA,NA,NA,NA,NA,NA,NA,NA,NA,NA,22.96,27,NA,28.7,NA
1951,NA,NA,NA,NA,NA,NA,NA,NA,NA,NA,NA,NA,NA,NA,NA,NA,NA,NA,NA,NA,NA,NA,NA,NA,NA,NA,NA,NA,NA,NA,NA,NA,NA,NA,0.198833333333333,NA,NA,NA,NA,NA,NA,NA,NA,NA,NA,NA,NA,NA,NA,NA,NA,NA,NA,21.56,22.1,NA,23.9,23.9
1952,NA,NA,NA,NA,NA,NA,NA,NA,NA,NA,NA,NA,NA,NA,NA,NA,NA,NA,NA,NA,NA,NA,NA,NA,NA,NA,NA,NA,NA,NA,NA,NA,NA,NA,0.290166666666667,NA,NA,NA,NA,NA,NA,NA,NA,NA,NA,NA,NA,NA,NA,NA,NA,NA,NA,25.62,28.3,NA,32,23.7
1953,NA,NA,NA,NA,NA,NA,NA,NA,NA,NA,NA,NA,NA,NA,NA,NA,NA,NA,NA,NA,NA,NA,NA,NA,NA,NA,NA,NA,NA,NA,NA,NA,NA,NA,0.259416666666667,NA,NA,NA,NA,NA,NA,NA,NA,NA,NA,NA,NA,NA,NA,NA,NA,NA,NA,15.62,27.1,NA,21.9,19
1954,NA,NA,NA,NA,NA,NA,NA,NA,NA,NA,NA,NA,NA,NA,NA,NA,NA,NA,NA,NA,NA,NA,NA,NA,NA,NA,NA,NA,NA,NA,NA,NA,NA,NA,0.03825,NA,NA,NA,NA,NA,NA,NA,NA,NA,NA,NA,NA,NA,NA,NA,NA,NA,NA,24.29,34.1,NA,28.1,28.9
1955,NA,NA,NA,NA,NA,NA,NA,NA,NA,NA,NA,NA,NA,NA,NA,NA,NA,NA,NA,NA,NA,NA,NA,NA,NA,NA,NA,NA,NA,NA,NA,NA,NA,NA,0.187416666666667,NA,NA,NA,NA,NA,NA,NA,NA,NA,NA,NA,NA,NA,NA,NA,NA,NA,NA,12.29,21.3,NA,28.8,29.9
1956,NA,NA,NA,NA,NA,NA,NA,NA,NA,NA,NA,NA,NA,NA,NA,NA,NA,NA,NA,NA,NA,NA,NA,NA,NA,NA,NA,NA,NA,NA,NA,NA,NA,NA,-0.0244166666666667,NA,NA,NA,NA,NA,NA,NA,NA,NA,NA,NA,NA,NA,NA,NA,NA,NA,NA,9.96,30.3,NA,19.1,25.5
1957,NA,NA,NA,NA,NA,NA,NA,NA,NA,NA,NA,NA,NA,NA,NA,NA,NA,NA,NA,NA,NA,NA,NA,NA,NA,NA,NA,NA,NA,NA,NA,NA,NA,NA,0.0351666666666667,NA,NA,NA,NA,NA,NA,NA,NA,NA,NA,NA,NA,NA,NA,NA,NA,NA,NA,24.96,34.1,NA,16.3,31.1
1958,NA,NA,NA,NA,NA,NA,NA,NA,NA,NA,NA,NA,NA,NA,NA,NA,NA,NA,NA,NA,NA,NA,NA,NA,NA,NA,NA,NA,NA,NA,NA,NA,NA,NA,0.208583333333333,NA,NA,NA,NA,NA,NA,NA,NA,NA,NA,NA,NA,NA,NA,NA,NA,NA,NA,15.29,26.6,NA,20.4,19.4
1959,NA,NA,NA,NA,NA,NA,NA,NA,NA,NA,NA,NA,NA,NA,NA,NA,NA,NA,NA,NA,NA,NA,NA,NA,NA,NA,NA,NA,NA,NA,NA,NA,NA,NA,0.04725,NA,NA,NA,NA,NA,NA,NA,NA,NA,NA,NA,NA,NA,NA,NA,NA,NA,NA,12.62,31.3,NA,25.1,21
1960,NA,NA,NA,NA,NA,NA,NA,NA,NA,NA,NA,NA,NA,NA,NA,NA,NA,NA,NA,NA,NA,NA,NA,NA,NA,NA,NA,NA,NA,NA,NA,NA,NA,NA,0.229583333333333,NA,NA,NA,NA,NA,NA,NA,NA,NA,NA,NA,NA,NA,NA,NA,NA,NA,NA,9.62,30.4,NA,22.8,23.7
1961,NA,NA,NA,NA,NA,NA,NA,NA,NA,NA,NA,NA,NA,NA,NA,NA,NA,NA,NA,NA,NA,NA,NA,NA,NA,NA,NA,NA,NA,NA,NA,NA,NA,NA,0.0939166666666667,NA,NA,NA,NA,NA,NA,NA,NA,NA,NA,NA,NA,NA,NA,NA,NA,NA,NA,26.62,21.2,NA,18.7,29.5
1962,NA,NA,NA,NA,NA,NA,NA,NA,NA,NA,NA,NA,NA,NA,NA,NA,NA,NA,NA,NA,NA,NA,NA,NA,NA,NA,NA,NA,NA,NA,NA,NA,NA,NA,0.066,NA,NA,NA,NA,NA,NA,NA,NA,NA,NA,NA,NA,NA,NA,NA,NA,NA,NA,16.62,24.1,NA,15.8,12.8
1963,NA,NA,NA,NA,NA,NA,NA,NA,NA,NA,NA,NA,NA,NA,NA,NA,NA,NA,NA,NA,NA,NA,NA,NA,NA,NA,NA,NA,NA,NA,NA,NA,NA,NA,-0.00158333333333333,NA,NA,NA,NA,NA,NA,NA,NA,NA,NA,NA,NA,NA,NA,NA,NA,NA,NA,-0.71,22.7,NA,18,23.8
1964,NA,NA,NA,NA,NA,NA,NA,NA,NA,NA,NA,NA,NA,NA,NA,NA,NA,NA,NA,NA,NA,NA,NA,-99,-99,-99,-99,-99,NA,NA,NA,NA,NA,NA,-0.101833333333333,NA,NA,NA,NA,NA,NA,NA,NA,NA,NA,NA,NA,NA,NA,NA,NA,NA,NA,5.96,23.6,NA,20.9,24.1
1965,NA,NA,NA,NA,NA,NA,NA,NA,NA,NA,NA,NA,NA,NA,NA,NA,NA,NA,NA,NA,NA,NA,NA,-99,-99,-99,-99,-99,NA,NA,NA,NA,NA,NA,-0.166,NA,NA,NA,NA,NA,NA,NA,NA,NA,NA,NA,NA,NA,NA,NA,NA,NA,NA,7.62,8.4,NA,12.7,22.9
1966,NA,NA,NA,NA,NA,NA,NA,NA,NA,NA,NA,NA,NA,NA,NA,NA,NA,NA,NA,NA,NA,NA,NA,-99,-99,-99,-99,-99,NA,NA,NA,NA,NA,NA,-0.00258333333333333,NA,NA,NA,NA,NA,NA,NA,NA,NA,NA,NA,NA,NA,NA,NA,NA,NA,NA,4.29,NA,NA,NA,4
1967,NA,NA,NA,NA,NA,NA,NA,NA,NA,NA,NA,NA,NA,NA,NA,NA,NA,NA,NA,NA,NA,NA,NA,-99,-99,-99,-99,-99,NA,NA,NA,NA,NA,NA,-0.104916666666667,NA,NA,NA,NA,NA,NA,NA,NA,NA,NA,NA,NA,NA,NA,NA,NA,NA,NA,21.62,NA,NA,NA,20.2
1968,NA,NA,NA,NA,NA,NA,NA,NA,NA,NA,NA,NA,NA,NA,NA,NA,NA,NA,NA,NA,NA,NA,NA,-99,-99,-99,-99,-99,NA,NA,NA,NA,NA,NA,-0.174083333333333,NA,NA,NA,NA,NA,NA,NA,NA,NA,NA,NA,NA,NA,NA,NA,NA,NA,NA,12.62,33.3,NA,NA,14.7
1969,NA,NA,NA,NA,NA,NA,NA,NA,NA,NA,NA,NA,NA,NA,NA,NA,NA,NA,NA,NA,NA,NA,NA,-99,-99,-99,-99,-99,NA,NA,NA,NA,NA,NA,0.00225,NA,NA,NA,NA,NA,NA,NA,NA,NA,NA,NA,NA,NA,NA,NA,NA,NA,NA,-0.38,30.8,NA,27.7,20.9
1970,NA,NA,NA,NA,NA,NA,NA,NA,NA,NA,NA,NA,NA,NA,NA,NA,NA,NA,NA,NA,NA,NA,NA,-99,-99,-99,-99,-99,NA,NA,NA,NA,NA,NA,-0.110416666666667,NA,NA,NA,NA,NA,NA,NA,NA,NA,NA,NA,NA,NA,NA,NA,NA,NA,NA,16.29,25.3,NA,28.7,14.2
1971,NA,NA,NA,NA,NA,NA,NA,NA,NA,NA,NA,NA,NA,NA,NA,NA,NA,NA,NA,NA,NA,NA,NA,-99,-99,-99,-99,-99,NA,NA,NA,NA,NA,NA,-0.319833333333333,NA,NA,NA,NA,NA,NA,NA,NA,NA,NA,NA,NA,NA,NA,NA,NA,NA,NA,15.32,27.6,NA,27.2,26.7
1972,NA,NA,NA,NA,NA,NA,NA,NA,NA,NA,NA,NA,NA,NA,NA,NA,NA,NA,NA,NA,NA,NA,NA,-99,-99,-99,-99,-99,NA,NA,NA,NA,NA,NA,-0.361833333333333,NA,NA,NA,NA,NA,NA,NA,NA,NA,NA,NA,NA,NA,NA,NA,NA,NA,NA,22.49,44.6,NA,43.2,35.4
1973,NA,NA,NA,NA,NA,NA,NA,NA,NA,NA,NA,NA,NA,NA,NA,NA,NA,NA,NA,NA,NA,NA,NA,-99,-99,-99,-99,-99,NA,NA,NA,NA,NA,NA,-0.224333333333333,NA,NA,NA,NA,NA,NA,NA,NA,NA,NA,NA,NA,NA,NA,NA,NA,NA,NA,29.02,32.2,NA,36,35
1974,NA,NA,NA,NA,NA,NA,NA,NA,NA,NA,NA,NA,NA,NA,NA,NA,NA,NA,NA,NA,NA,NA,NA,-99,-99,-99,-99,-99,NA,NA,NA,NA,NA,NA,-0.429583333333333,NA,NA,NA,NA,NA,NA,NA,NA,NA,NA,NA,NA,NA,NA,NA,NA,NA,NA,27.56,19.2,NA,18.8,32.5
1975,NA,NA,NA,NA,NA,NA,NA,NA,NA,NA,NA,NA,NA,NA,NA,NA,NA,NA,NA,NA,NA,NA,NA,-99,-99,-99,-99,-99,NA,NA,NA,NA,NA,NA,-0.307833333333333,NA,NA,NA,NA,NA,NA,NA,NA,NA,NA,NA,NA,NA,NA,NA,NA,NA,NA,24.26,31.5,NA,27.1,24.7
1976,NA,NA,NA,NA,NA,NA,NA,NA,NA,NA,NA,NA,NA,NA,NA,NA,NA,NA,NA,NA,NA,NA,NA,-99,-99,-99,-99,-99,NA,NA,NA,NA,NA,NA,-0.373166666666667,NA,NA,NA,NA,NA,NA,NA,NA,NA,NA,NA,NA,NA,NA,NA,NA,NA,NA,22.86,29.6,NA,27.8,19
1977,NA,NA,NA,NA,NA,NA,NA,NA,NA,NA,NA,NA,NA,NA,NA,NA,NA,NA,NA,NA,NA,NA,NA,-99,-99,-99,-99,-99,NA,NA,NA,NA,NA,NA,-0.198583333333333,NA,NA,NA,NA,NA,NA,NA,NA,NA,NA,NA,NA,NA,NA,NA,NA,NA,NA,5.56,27.1,NA,21.1,26.8
1978,NA,NA,NA,NA,NA,NA,NA,NA,NA,NA,NA,NA,NA,NA,NA,NA,NA,NA,NA,NA,NA,NA,NA,-99,-99,-99,-99,-99,NA,NA,NA,NA,NA,NA,-0.189333333333333,NA,NA,NA,NA,NA,NA,NA,NA,NA,NA,NA,NA,NA,NA,NA,NA,NA,NA,11.19,13.6,NA,15.3,24
1979,NA,NA,NA,NA,NA,NA,NA,NA,NA,NA,NA,NA,NA,NA,NA,NA,NA,NA,NA,NA,NA,NA,NA,-99,-99,-99,-99,-99,NA,NA,NA,NA,NA,NA,-0.119833333333333,NA,NA,NA,NA,NA,NA,NA,NA,NA,NA,NA,NA,NA,NA,NA,NA,NA,NA,3.36,26.8,NA,23.7,22.5
1980,NA,NA,NA,NA,NA,NA,NA,NA,NA,NA,NA,NA,NA,NA,NA,NA,NA,NA,NA,NA,NA,NA,NA,1.86,1.94,2.07,2.11,-99,NA,NA,NA,NA,NA,NA,-0.0279166666666667,NA,NA,NA,NA,NA,NA,NA,NA,NA,NA,NA,NA,NA,NA,NA,NA,NA,NA,17.12,26.1,NA,NA,23.1
1981,NA,NA,NA,NA,NA,NA,NA,NA,NA,NA,NA,NA,NA,NA,NA,NA,NA,NA,NA,NA,NA,NA,NA,3.52,2.63,2.53,2.19,-99,NA,NA,NA,NA,NA,NA,-0.0859166666666667,NA,NA,NA,NA,NA,NA,NA,NA,NA,NA,NA,NA,NA,NA,NA,NA,NA,NA,25.32,24.6,45.3,23.5,23.7
1982,NA,NA,NA,NA,NA,NA,NA,NA,NA,NA,NA,NA,NA,NA,NA,NA,NA,NA,NA,NA,NA,NA,NA,1.99,1.51,1.76,0.91,-99,NA,NA,NA,NA,NA,NA,-0.22175,NA,NA,NA,NA,NA,NA,NA,NA,NA,NA,NA,NA,NA,NA,NA,NA,NA,NA,15.09,33.6,NA,NA,NA
1983,NA,NA,NA,NA,NA,NA,NA,NA,NA,NA,NA,NA,NA,NA,NA,NA,NA,NA,NA,NA,NA,NA,NA,2.58,3.15,1.7,1.87,-99,NA,NA,NA,NA,NA,NA,-0.0799166666666667,NA,NA,NA,NA,NA,NA,NA,NA,NA,NA,NA,NA,NA,NA,NA,NA,NA,NA,27.06,35,61,37.6,NA
1984,NA,NA,NA,NA,NA,NA,NA,NA,NA,NA,NA,NA,NA,NA,NA,NA,NA,NA,NA,NA,NA,NA,NA,3.56,1.71,1.81,1.99,-99,NA,NA,NA,NA,NA,NA,-0.21675,NA,NA,NA,NA,NA,NA,NA,NA,NA,NA,NA,NA,NA,NA,NA,NA,NA,NA,31.02,40.9,78.9,49.6,35.8
1985,NA,NA,NA,NA,NA,NA,NA,NA,NA,NA,NA,NA,NA,NA,NA,NA,NA,NA,NA,NA,NA,NA,90,2.35,1.48,1.92,1.3,-99,3.31,5.43,5.48,5.67,6,6.96,-0.27625,NA,NA,NA,NA,NA,NA,NA,NA,NA,NA,NA,NA,NA,NA,NA,NA,NA,NA,9.79,34.3,62.4,36.3,32.6
1986,NA,NA,NA,NA,NA,NA,NA,NA,NA,NA,NA,NA,NA,NA,NA,NA,NA,NA,NA,NA,NA,NA,32.8,2.83,0.75,2.14,2.33,-99,3.47,5.71,6.17,6.41,6.52,7.38,-0.283583333333333,NA,NA,NA,NA,NA,NA,NA,NA,NA,NA,NA,NA,NA,NA,NA,NA,NA,NA,11.19,21.3,51.5,20.5,34.2
1987,NA,NA,NA,NA,NA,NA,NA,NA,NA,NA,NA,NA,NA,NA,NA,NA,NA,NA,NA,NA,NA,NA,48,2.22,1.14,1.63,1.8,-99,3.25,5.96,6.84,6.98,7.42,8.5,0.0578333333333333,NA,NA,NA,NA,NA,NA,NA,NA,NA,NA,NA,NA,NA,NA,NA,NA,NA,NA,11.86,32.8,46.7,19.3,26
1988,NA,NA,NA,NA,NA,NA,NA,NA,NA,NA,NA,NA,NA,NA,NA,NA,NA,NA,NA,NA,NA,NA,38.5,2.53,1.35,2.13,1.99,-99,3.59,6.2,7.11,7.85,8.06,8.15,-0.0138333333333333,NA,NA,NA,NA,NA,NA,NA,NA,NA,NA,NA,NA,NA,NA,NA,NA,NA,NA,16.02,25.1,63,29.1,29.8
1989,NA,NA,NA,NA,NA,NA,NA,NA,NA,NA,NA,NA,NA,NA,NA,NA,NA,NA,NA,NA,NA,NA,35.9,2.26,0.94,1.82,2.04,-99,2.74,5.44,5.96,7.45,7.99,7.67,-0.0913333333333333,NA,NA,NA,NA,NA,NA,NA,NA,NA,NA,NA,NA,NA,NA,NA,NA,NA,NA,34.36,NA,71.4,28.7,32.7
1990,NA,NA,NA,NA,NA,NA,NA,NA,NA,NA,NA,NA,NA,NA,NA,NA,NA,NA,NA,NA,NA,NA,65.6,1.79,0.27,1.99,1.62,1.55,2.8,5.25,5.94,6.41,6.93,7.57,-0.04675,NA,NA,NA,NA,NA,NA,NA,NA,NA,NA,NA,NA,NA,NA,NA,NA,NA,NA,29.86,38.7,84.1,43.3,28.3
1991,NA,NA,NA,NA,NA,NA,NA,NA,NA,NA,NA,NA,NA,NA,NA,NA,NA,NA,NA,NA,NA,NA,98,2.18,0.39,2.12,1.76,1.67,2.39,4.59,5.19,5.75,6.37,7.14,-0.140416666666667,NA,NA,NA,NA,NA,NA,NA,NA,NA,NA,NA,NA,NA,NA,NA,NA,NA,NA,23.62,39.5,73,44.4,37
1992,NA,NA,NA,NA,NA,NA,NA,NA,NA,NA,NA,NA,NA,NA,NA,NA,NA,NA,NA,NA,NA,NA,81.4,2.18,0.68,1.74,1.24,1.2,2.76,4.86,5.01,5.64,6.54,7.61,-0.2275,NA,NA,NA,NA,NA,NA,NA,NA,NA,NA,NA,NA,NA,NA,NA,NA,NA,NA,22.76,33.1,74.1,28.4,31.6
1993,NA,NA,NA,NA,NA,NA,NA,NA,NA,NA,NA,NA,NA,NA,NA,NA,NA,NA,NA,NA,NA,NA,94.8,2.41,0.99,1.92,1.33,1.03,4.05,5.65,6.29,6.78,7.51,8.57,-0.219,NA,NA,NA,NA,NA,NA,NA,NA,NA,NA,NA,NA,NA,NA,NA,NA,NA,NA,28.29,34.4,71.3,33.4,34.9
1994,NA,NA,NA,NA,NA,NA,NA,NA,NA,NA,NA,NA,NA,NA,NA,NA,NA,NA,NA,NA,NA,NA,101,2.5,0.99,1.97,1.55,1.07,4.65,6.96,7.79,8.42,8.43,9.11,-0.185,NA,NA,NA,NA,NA,NA,NA,NA,NA,NA,NA,NA,NA,NA,NA,NA,NA,NA,24.06,33.6,73.2,28.2,28.4
1995,NA,NA,NA,NA,NA,NA,NA,NA,NA,NA,NA,NA,NA,NA,NA,NA,NA,NA,NA,NA,NA,NA,64.5,2.18,1,1.99,2.11,1.74,4.06,5.92,6.49,6.58,7.35,8.47,0.126833333333333,NA,NA,NA,NA,NA,NA,NA,NA,NA,NA,NA,NA,NA,NA,NA,NA,NA,NA,31.79,19.2,48.5,19.7,29.8
1996,NA,NA,NA,NA,NA,NA,NA,NA,NA,NA,NA,NA,NA,NA,NA,NA,NA,NA,NA,NA,NA,NA,24.9,2.74,1.35,2.62,2.15,1.75,3.29,5.94,7.03,7.54,8.3,8.81,-0.066,NA,NA,NA,NA,NA,NA,NA,NA,NA,NA,NA,NA,NA,NA,NA,NA,NA,NA,8.53,24.8,57.4,24.1,24.4
1997,NA,NA,NA,NA,NA,NA,NA,NA,NA,NA,NA,NA,NA,NA,NA,NA,NA,NA,NA,NA,NA,NA,45.9,2.4,1.13,2.39,2.44,1.82,4,6.44,6.64,6.88,7.16,8.06,0.04375,NA,NA,NA,NA,NA,NA,NA,NA,NA,NA,NA,NA,NA,NA,NA,NA,NA,NA,15.29,17.3,51.4,19.3,29.8
1998,NA,NA,NA,NA,NA,NA,NA,-20.8470588235294,-17.4529411764706,-17.6875,39.4411764705882,-17.1625,11.4764705882353,20.9941176470588,4.33749999999999,-18.7529411764706,5.95,NA,NA,NA,NA,NA,44.5,2.57,1.71,2.5,2.27,1.91,4.73,7.3,7.71,8.24,8.46,9.21,0.364333333333333,NA,NA,NA,NA,NA,NA,NA,NA,NA,NA,NA,NA,NA,NA,NA,NA,NA,NA,17.83,23.8,43.5,25.4,24.8
1999,120.230769230769,172,295,170,182,-0.186800000122722,-0.894463148988428,-9.04705882352941,6.04705882352941,NA,6.64117647058823,18.4375,-21.9235294117647,-14.7058823529412,NA,-9.05294117647058,-17.55,0.473039344537815,0.408556033613445,0.593241411764706,-0.161412033613447,0.630409075630247,31.2,3.04,1.99,2.8,2.79,2.64,4.22,6.82,7.83,8.65,9.36,9.7,0.109833333333333,"BB",-1.50866238143452,-1.0185169530202,-2.60617649854938,-2.42164270553873,-1.8206669936534,-1.61520821812126,-0.195888311603973,-0.0556248723869301,0.0806647942407304,-0.529730000225005,0.0679195545659737,-2.47078307275722,-0.748525363196864,-0.9307572192134,-1.06502680313503,-1.7056662325231,-0.674508740495321,30.99,13.8,42.4,20.2,21.5
1999,120.230769230769,172,295,170,182,-0.186800000122722,-0.894463148988428,-9.04705882352941,6.04705882352941,NA,6.64117647058823,18.4375,-21.9235294117647,-14.7058823529412,NA,-9.05294117647058,-17.55,0.473039344537815,0.408556033613445,0.593241411764706,-0.161412033613447,0.630409075630247,31.2,3.04,1.99,2.8,2.79,2.64,4.22,6.82,7.83,8.65,9.36,9.7,0.109833333333333,"FC",-0.905931041894053,-0.791776772306171,-1.613236571325,-1.90481404443018,-2.07342094148334,-0.17770614788029,-2.97689350260972,-1.15568295402352,0.17761103543877,1.82199547359225,-1.27899571615581,-3.18846093094019,0.343359744592511,-0.75360251561273,-0.165687092406663,-2.07389895040966,1.36970409474246,30.99,13.8,42.4,20.2,21.5
1999,120.230769230769,172,295,170,182,-0.186800000122722,-0.894463148988428,-9.04705882352941,6.04705882352941,NA,6.64117647058823,18.4375,-21.9235294117647,-14.7058823529412,NA,-9.05294117647058,-17.55,0.473039344537815,0.408556033613445,0.593241411764706,-0.161412033613447,0.630409075630247,31.2,3.04,1.99,2.8,2.79,2.64,4.22,6.82,7.83,8.65,9.36,9.7,0.109833333333333,"SEGB",-1.23256146518551,-2.72888458458083,-0.946443604118991,-1.20729543257479,-1.09324981893912,-0.725964299053004,-0.528473224520249,2.02598785481929,-0.0625332063797108,0.176942458680423,-0.495328881546506,-1.46548214900963,-1.24915230879868,-2.04634025400434,-1.33290203835138,-1.27397511279089,-2.21947207720062,30.99,13.8,42.4,20.2,21.5
1999,120.230769230769,172,295,170,182,-0.186800000122722,-0.894463148988428,-9.04705882352941,6.04705882352941,NA,6.64117647058823,18.4375,-21.9235294117647,-14.7058823529412,NA,-9.05294117647058,-17.55,0.473039344537815,0.408556033613445,0.593241411764706,-0.161412033613447,0.630409075630247,31.2,3.04,1.99,2.8,2.79,2.64,4.22,6.82,7.83,8.65,9.36,9.7,0.109833333333333,"SI",-0.117932359165637,0.213872767720421,-1.98138372027686,-1.17350931289958,-0.920126812381945,-0.978320968278222,0.00898343267436046,-1.19611153529205,-2.19245547567994,0.708473165405076,-0.569467454628454,-1.25886890748533,-3.33041878977645,-0.301403022128305,0.353224188515927,-0.191511835825921,0.0213952369106686,30.99,13.8,42.4,20.2,21.5
2000,120.230769230769,178,194,176,224,0.753415729730319,0.0574669617545356,17.8529411764706,11.3470588235294,16.2125,-14.8588235294118,13.9375,-4.8235294117647,-13.8058823529412,-9.7625,-8.15294117647059,4.75,-0.142852084033613,-0.264382823529412,-0.0400311596638656,-0.467954319327732,-0.0313189243697487,34.6,3.16,1.98,2.57,2.2,1.73,4.99,7.35,7.72,8.59,9.32,9.22,0.0204166666666667,"BB",0.562985748191089,-0.939794281688484,-0.119003257898344,-1.96068995761792,-0.309429915669353,-0.832738964430071,-1.44858695955574,-1.12195864464442,-0.0143345779775234,0.72109475157802,-0.497516690638317,-2.33087957243797,-0.882325706143417,-0.347162100044403,-1.77978684276316,-0.604405231701693,-0.294378696978953,30.26,30.8,60.4,27,22.1
2000,120.230769230769,178,194,176,224,0.753415729730319,0.0574669617545356,17.8529411764706,11.3470588235294,16.2125,-14.8588235294118,13.9375,-4.8235294117647,-13.8058823529412,-9.7625,-8.15294117647059,4.75,-0.142852084033613,-0.264382823529412,-0.0400311596638656,-0.467954319327732,-0.0313189243697487,34.6,3.16,1.98,2.57,2.2,1.73,4.99,7.35,7.72,8.59,9.32,9.22,0.0204166666666667,"FC",0.158872436956597,-3.45292663323654,-0.574186358953845,-1.92807805265279,0.274871487696169,-0.764649283834771,0.252417905477555,0.31211098188712,-0.263402239117602,-0.48652009439182,-0.836165467017457,-1.56087494832434,-0.684096264454243,-1.12972449181794,0.442113896986054,0.00646940555876046,0.336257497254428,30.26,30.8,60.4,27,22.1
2000,120.230769230769,178,194,176,224,0.753415729730319,0.0574669617545356,17.8529411764706,11.3470588235294,16.2125,-14.8588235294118,13.9375,-4.8235294117647,-13.8058823529412,-9.7625,-8.15294117647059,4.75,-0.142852084033613,-0.264382823529412,-0.0400311596638656,-0.467954319327732,-0.0313189243697487,34.6,3.16,1.98,2.57,2.2,1.73,4.99,7.35,7.72,8.59,9.32,9.22,0.0204166666666667,"SEGB",1.9598938612324,-2.44886835477801,-2.18933000102111,-2.39480543697979,0.247005485288663,-1.24158466058956,-2.82770206716992,-1.42937049347315,0.73002791041962,0.267450735736574,-0.792583632370882,-1.94168013232104,-1.47072978710659,0.516947688426645,-0.124801291813765,-1.34060499809851,-0.392104178331747,30.26,30.8,60.4,27,22.1
2000,120.230769230769,178,194,176,224,0.753415729730319,0.0574669617545356,17.8529411764706,11.3470588235294,16.2125,-14.8588235294118,13.9375,-4.8235294117647,-13.8058823529412,-9.7625,-8.15294117647059,4.75,-0.142852084033613,-0.264382823529412,-0.0400311596638656,-0.467954319327732,-0.0313189243697487,34.6,3.16,1.98,2.57,2.2,1.73,4.99,7.35,7.72,8.59,9.32,9.22,0.0204166666666667,"SI",-0.54794155243505,-2.53681511499599,-0.426865714533069,-0.504112579922822,0.405115719644374,-1.3589950495734,-0.393853455305589,-1.15768809359935,0.171058730421845,-0.29572519868299,-0.0643025855721785,-1.77059539066308,0.545719584693067,-1.40408219459174,0.0203497101450318,0.974238990706359,-1.05448877202404,30.26,30.8,60.4,27,22.1
2001,120.230769230769,237,179,191,233,-0.266443790797552,-0.546964079967145,10.9529411764706,-15.6529411764706,23.3125,13.7411764705882,10.0375,10.5764705882353,14.3941176470588,3.13749999999999,-1.05294117647058,5.25,-0.327753226890756,-0.203914823529411,-0.38894544537815,-0.0662714621848738,-0.343957781512605,29.9,2.33,1.57,2.74,2.3,1.82,4.19,6.82,7.43,7.81,8.06,9.01,0.111333333333333,"BB",-0.861371978140531,-3.37217699806656,-0.895554964073607,-0.492032287773161,-1.78841583836912,-1.83871369421732,-1.66262271511837,-0.751949254962859,-0.435211919368699,-1.86055207705376,-0.82471589966389,-0.703760216997352,-1.79999801642673,-3.0820051765104,-0.510149815866066,-2.28250450029766,-1.03611093409886,12.46,24.7,49.3,17.5,25.7
2001,120.230769230769,237,179,191,233,-0.266443790797552,-0.546964079967145,10.9529411764706,-15.6529411764706,23.3125,13.7411764705882,10.0375,10.5764705882353,14.3941176470588,3.13749999999999,-1.05294117647058,5.25,-0.327753226890756,-0.203914823529411,-0.38894544537815,-0.0662714621848738,-0.343957781512605,29.9,2.33,1.57,2.74,2.3,1.82,4.19,6.82,7.43,7.81,8.06,9.01,0.111333333333333,"FC",0.327649486787409,0.353720636541179,0.0392775649046237,0.349296058119643,-0.181377247318501,-1.31981823893649,-1.03496902450442,-1.04727065321777,-0.389678230699338,-1.79876440181671,-0.799569362291986,0.126760488446699,-0.149889591863746,-0.350826590161299,-0.851586388001133,0.401199264912725,-0.646744012456348,12.46,24.7,49.3,17.5,25.7
2001,120.230769230769,237,179,191,233,-0.266443790797552,-0.546964079967145,10.9529411764706,-15.6529411764706,23.3125,13.7411764705882,10.0375,10.5764705882353,14.3941176470588,3.13749999999999,-1.05294117647058,5.25,-0.327753226890756,-0.203914823529411,-0.38894544537815,-0.0662714621848738,-0.343957781512605,29.9,2.33,1.57,2.74,2.3,1.82,4.19,6.82,7.43,7.81,8.06,9.01,0.111333333333333,"SEGB",0.301854655812509,0.220598925260319,0.263704522790506,0.872678166622437,-1.47862559450923,-0.235980619752627,-0.350990796620578,-1.62044778247107,-0.0714466891909356,0.106622687486297,-1.68108339453824,-0.500372910653851,-1.01468563711477,-2.22609572683283,-0.166164585273462,-1.92027937702012,-0.724640621751605,12.46,24.7,49.3,17.5,25.7
2001,120.230769230769,237,179,191,233,-0.266443790797552,-0.546964079967145,10.9529411764706,-15.6529411764706,23.3125,13.7411764705882,10.0375,10.5764705882353,14.3941176470588,3.13749999999999,-1.05294117647058,5.25,-0.327753226890756,-0.203914823529411,-0.38894544537815,-0.0662714621848738,-0.343957781512605,29.9,2.33,1.57,2.74,2.3,1.82,4.19,6.82,7.43,7.81,8.06,9.01,0.111333333333333,"SI",-0.26261290699908,-0.806329004104295,0.35417958016412,-0.204318613022507,-0.131517605631629,0.132539315773832,0.29622071803676,-1.16907106274702,0.205880607223518,1.64927972186958,-0.35134048268319,-1.59947332866768,0.584570988393711,-0.885316881330692,0.516475637805468,1.48127923836509,-0.727375331474008,12.46,24.7,49.3,17.5,25.7
2002,91,208,182,201,203,0.106070176531407,0.585564822277139,-2.04705882352941,32.6470588235294,6.8125,-10.3588235294118,1.83750000000001,25.1764705882353,-1.60588235294118,6.03749999999999,10.9470588235294,12.25,-0.314619512605043,-0.485271966386554,-0.954064302521008,-0.350136033613447,-0.731800638655462,36.2,2.64,1.53,2.63,2.41,1.75,3.6,6.13,6.56,7.24,7.81,7.87,0.0573333333333333,"BB",0.8677290552357,0.162923989685681,0.21483107073098,0.534585782923893,0.421091863497771,0.121860858330407,0.514212788825646,-0.57814106576858,-0.41466217905734,0.721261010490197,-0.607153150433382,0.296341562009502,-1.70472029110568,-0.272095670097177,-0.213649453477261,0.886041642460331,0.137457464723259,17.56,20.4,44.2,19.8,24.4
2002,91,208,182,201,203,0.106070176531407,0.585564822277139,-2.04705882352941,32.6470588235294,6.8125,-10.3588235294118,1.83750000000001,25.1764705882353,-1.60588235294118,6.03749999999999,10.9470588235294,12.25,-0.314619512605043,-0.485271966386554,-0.954064302521008,-0.350136033613447,-0.731800638655462,36.2,2.64,1.53,2.63,2.41,1.75,3.6,6.13,6.56,7.24,7.81,7.87,0.0573333333333333,"FC",-1.19900000713954,0.588481040298566,0.717810023808275,0.807209733570017,0.410303908106111,-1.27410185842541,0.78582844794209,-0.915593989876675,-0.396511231088537,0.670596631402061,-0.912634654837661,0.163268234704877,-0.91650716925361,-2.30557932230984,0.306644918144515,0.11008179360816,-0.93002514909073,17.56,20.4,44.2,19.8,24.4
2002,91,208,182,201,203,0.106070176531407,0.585564822277139,-2.04705882352941,32.6470588235294,6.8125,-10.3588235294118,1.83750000000001,25.1764705882353,-1.60588235294118,6.03749999999999,10.9470588235294,12.25,-0.314619512605043,-0.485271966386554,-0.954064302521008,-0.350136033613447,-0.731800638655462,36.2,2.64,1.53,2.63,2.41,1.75,3.6,6.13,6.56,7.24,7.81,7.87,0.0573333333333333,"SEGB",0.409043343136001,0.664017762730955,1.82049093482713,2.18022909656188,1.25876213889377,-0.154094796921496,1.09311113746923,-0.115622569940656,0.228952551908099,1.33998432846608,-0.872060073130839,0.662927062232203,0.0400126362360942,-0.0375758163376869,0.726927980504582,-0.571379791245029,-0.125441455949919,17.56,20.4,44.2,19.8,24.4
2002,91,208,182,201,203,0.106070176531407,0.585564822277139,-2.04705882352941,32.6470588235294,6.8125,-10.3588235294118,1.83750000000001,25.1764705882353,-1.60588235294118,6.03749999999999,10.9470588235294,12.25,-0.314619512605043,-0.485271966386554,-0.954064302521008,-0.350136033613447,-0.731800638655462,36.2,2.64,1.53,2.63,2.41,1.75,3.6,6.13,6.56,7.24,7.81,7.87,0.0573333333333333,"SI",-0.26261290699903,0.100635487478997,-1.36257303320842,-0.00507995035462346,-0.465713693493074,0.238979989689656,-3.3533454401746,-1.16907106274702,0.0196142613352445,-1.32858723917694,-0.351340482683196,0.27768106339545,-0.788222810360323,0.579121397945663,-1.02976272592095,-0.522843092209196,0.852906212490314,17.56,20.4,44.2,19.8,24.4
2003,132,191,149,206,216,0.729832914281974,0.80635793660382,11.6529411764706,53.8470588235294,-1.4875,3.54117647058824,-13.5625,26.1764705882353,-31.2058823529412,9.4375,16.1470588235294,18.65,-0.058114941176471,-0.173270252100841,0.0636099831932784,0.0923633949579821,0.272377075630253,53.1,1.93,1.15,2.93,2.52,1.78,5.11,7,7.34,7.64,7.89,8.76,0.223583333333333,"BB",0.812146184478723,0.402229280174573,0.863095767879459,0.513425370041158,0.807281706743161,-1.1161151084287,-0.716798978903734,0.403596408291904,0.569654885129665,0.558973287475185,-0.581124153783515,0.76250728243273,-0.254690922040696,0.741782284691974,-0.119841896279115,-0.64107371528124,0.640163007720096,17.46,25.4,50.7,23.3,26.4
2003,132,191,149,206,216,0.729832914281974,0.80635793660382,11.6529411764706,53.8470588235294,-1.4875,3.54117647058824,-13.5625,26.1764705882353,-31.2058823529412,9.4375,16.1470588235294,18.65,-0.058114941176471,-0.173270252100841,0.0636099831932784,0.0923633949579821,0.272377075630253,53.1,1.93,1.15,2.93,2.52,1.78,5.11,7,7.34,7.64,7.89,8.76,0.223583333333333,"FC",-0.202207349971982,0.120779278780307,-0.0103306006073129,-0.557841904563043,1.46392694037569,-0.428697383851561,-0.293771606770898,0.946606068540494,-0.541549429583314,0.264665833036876,-1.08264940225163,-0.290099820133363,-0.470186697147997,-1.34280282579603,-0.351993942420731,-0.330909433114255,-1.56823036456769,17.46,25.4,50.7,23.3,26.4
2003,132,191,149,206,216,0.729832914281974,0.80635793660382,11.6529411764706,53.8470588235294,-1.4875,3.54117647058824,-13.5625,26.1764705882353,-31.2058823529412,9.4375,16.1470588235294,18.65,-0.058114941176471,-0.173270252100841,0.0636099831932784,0.0923633949579821,0.272377075630253,53.1,1.93,1.15,2.93,2.52,1.78,5.11,7,7.34,7.64,7.89,8.76,0.223583333333333,"SEGB",0.456049716567555,0.55658371229027,1.32518739085509,1.11027075741882,2.42838215921974,-0.760677466401888,0.456817292703783,0.534867787964841,-1.21640058568991,0.68921526026883,-0.11199282328861,0.45381110882685,0.0943180953042742,-0.709602058051015,-0.943953461687013,0.784620592315016,-1.11033324155052,17.46,25.4,50.7,23.3,26.4
2003,132,191,149,206,216,0.729832914281974,0.80635793660382,11.6529411764706,53.8470588235294,-1.4875,3.54117647058824,-13.5625,26.1764705882353,-31.2058823529412,9.4375,16.1470588235294,18.65,-0.058114941176471,-0.173270252100841,0.0636099831932784,0.0923633949579821,0.272377075630253,53.1,1.93,1.15,2.93,2.52,1.78,5.11,7,7.34,7.64,7.89,8.76,0.223583333333333,"SI",-0.262612906999047,0.228891734986596,0.964081005628435,0.735203675660636,0.667490781732984,-0.755301399908718,-0.0854919617660944,2.28005151622492,0.174585289992349,-1.34754100351109,-0.351340482683196,1.30884876588823,-0.497447122662148,1.12232024215189,-0.470296874805354,-1.61445540634333,0.766302629564201,17.46,25.4,50.7,23.3,26.4
2004,86,187,169,178,231,-1.28727669411026,0.372741871586373,51.7529411764706,22.2470588235294,-1.8875,4.74117647058823,5.1375,-20.9235294117647,-13.5058823529412,11.1375,8.24705882352941,-5.25,-0.38328294117647,-0.275723394957983,-0.163798588235294,-0.125398890756305,-0.4646097815126,21.2,2.6,2.29,3.03,2.77,2.11,4.95,7.1,7.13,7.88,7.91,8.45,0.19875,"BB",-1.70788575642277,0.887156915761273,0.822888030294785,0.210805261770103,2.08798369245504,0.674342671017182,0.0123135912974419,1.52491794894499,-0.566117694397954,-0.495891417559412,-0.63291344662771,0.339987477096779,0.604748978846797,0.812707252278262,-0.20745488290174,0.351625368057539,0.568532600261968,11.73,17.7,30.4,13.2,14.6
2004,86,187,169,178,231,-1.28727669411026,0.372741871586373,51.7529411764706,22.2470588235294,-1.8875,4.74117647058823,5.1375,-20.9235294117647,-13.5058823529412,11.1375,8.24705882352941,-5.25,-0.38328294117647,-0.275723394957983,-0.163798588235294,-0.125398890756305,-0.4646097815126,21.2,2.6,2.29,3.03,2.77,2.11,4.95,7.1,7.13,7.88,7.91,8.45,0.19875,"FC",-1.36777332151275,-0.103782830726321,0.227865655155684,0.666569856006664,0.360250096827891,-0.825756955541646,0.405679362061226,1.86805322397454,-1.76505705704269,1.74718210461188,-1.05226715746653,0.473474697257835,-0.25004715386106,-0.12048647869943,-0.68498088496491,0.727722031476846,-0.131602010151304,11.73,17.7,30.4,13.2,14.6
2004,86,187,169,178,231,-1.28727669411026,0.372741871586373,51.7529411764706,22.2470588235294,-1.8875,4.74117647058823,5.1375,-20.9235294117647,-13.5058823529412,11.1375,8.24705882352941,-5.25,-0.38328294117647,-0.275723394957983,-0.163798588235294,-0.125398890756305,-0.4646097815126,21.2,2.6,2.29,3.03,2.77,2.11,4.95,7.1,7.13,7.88,7.91,8.45,0.19875,"SEGB",-1.01493318995615,0.107907246977272,0.430048559935218,0.884857399341943,-0.30340652432471,-1.7794513864934,-0.147107318463471,0.550355091243889,-1.85933109707752,0.0852236995655232,-1.00262184154455,-0.116994593325915,-0.217291890743304,-0.307838499567777,-0.497385116619004,0.226871725749729,0.780004005736666,11.73,17.7,30.4,13.2,14.6
2004,86,187,169,178,231,-1.28727669411026,0.372741871586373,51.7529411764706,22.2470588235294,-1.8875,4.74117647058823,5.1375,-20.9235294117647,-13.5058823529412,11.1375,8.24705882352941,-5.25,-0.38328294117647,-0.275723394957983,-0.163798588235294,-0.125398890756305,-0.4646097815126,21.2,2.6,2.29,3.03,2.77,2.11,4.95,7.1,7.13,7.88,7.91,8.45,0.19875,"SI",-0.262612906999062,1.73064501956264,-0.423817468502167,0.541315756958942,3.27868498007794,-0.358189304616258,0.736900389071941,0.223597651549176,0.581866922828059,-1.29792860282997,-0.351340482683193,0.391955719206681,-0.671698802543913,1.53560071185837,-1.85508524810803,-1.36456288475103,0.933374963288742,11.73,17.7,30.4,13.2,14.6
2005,120,159,143,162,296,0.367168458270279,-0.6858501808144,-2.44705882352941,-21.0529411764706,-12.3875,16.1411764705882,-12.9625,-10.3235294117647,11.3941176470588,-3.16250000000001,-8.65294117647059,-14.25,0.980729630252101,0.803661747899159,0.112338554621847,0.850791394957986,-0.211115495798321,27.6,2.99,1.86,3.01,2.73,2.5,4.86,7.6,7.76,7.86,8.52,9.21,0.284666666666667,"BB",-0.0849839437312244,0.391532908283988,-0.471983233574465,-0.0489225236042689,0.470337622221028,0.528495115184811,0.544891846774902,0.899222485426297,0.318374223477794,0.379579904695621,-0.622114647802925,-0.167189751483234,-1.43357468513549,-0.577406731614826,-1.22040704821214,-0.739349721691805,1.21242432197863,24.86,20.2,39.5,15.9,23.1
2005,120,159,143,162,296,0.367168458270279,-0.6858501808144,-2.44705882352941,-21.0529411764706,-12.3875,16.1411764705882,-12.9625,-10.3235294117647,11.3941176470588,-3.16250000000001,-8.65294117647059,-14.25,0.980729630252101,0.803661747899159,0.112338554621847,0.850791394957986,-0.211115495798321,27.6,2.99,1.86,3.01,2.73,2.5,4.86,7.6,7.76,7.86,8.52,9.21,0.284666666666667,"FC",-0.106906705866405,0.464078360523972,-0.766542538683065,-0.562505204315824,-0.473515394629636,1.1019126826539,1.14252278017655,0.855481473040329,-0.385345274645734,-1.39339674659046,1.23967320319783,-0.51767269961188,0.85471418044415,0.238711533121015,-0.975964149407061,-1.32318733925009,-0.465707906763774,24.86,20.2,39.5,15.9,23.1
2005,120,159,143,162,296,0.367168458270279,-0.6858501808144,-2.44705882352941,-21.0529411764706,-12.3875,16.1411764705882,-12.9625,-10.3235294117647,11.3941176470588,-3.16250000000001,-8.65294117647059,-14.25,0.980729630252101,0.803661747899159,0.112338554621847,0.850791394957986,-0.211115495798321,27.6,2.99,1.86,3.01,2.73,2.5,4.86,7.6,7.76,7.86,8.52,9.21,0.284666666666667,"SEGB",1.01223278377232,0.707323015082802,0.381168964604199,-0.988322402588778,0.0920920642064612,1.32584449688165,-0.437439387860501,-0.353348681853188,-1.12208646146437,-0.563107022561891,-0.409867439174027,-0.0390180880137147,-0.575835971275126,0.323406755027148,0.298766046053586,0.616772220269447,-0.247749337439626,24.86,20.2,39.5,15.9,23.1
2005,120,159,143,162,296,0.367168458270279,-0.6858501808144,-2.44705882352941,-21.0529411764706,-12.3875,16.1411764705882,-12.9625,-10.3235294117647,11.3941176470588,-3.16250000000001,-8.65294117647059,-14.25,0.980729630252101,0.803661747899159,0.112338554621847,0.850791394957986,-0.211115495798321,27.6,2.99,1.86,3.01,2.73,2.5,4.86,7.6,7.76,7.86,8.52,9.21,0.284666666666667,"SI",-0.262612906999039,1.42324796348643,0.85189077559701,-1.80149396828705,-0.0797655311618748,-0.991591831537185,0.504043503926072,1.92888133354096,0.66307139631552,0.253149301793866,-0.351340482683195,1.58779136101656,0.514772506641815,1.36768092837937,-2.06832804631572,-1.44484972593196,-0.727375331473973,24.86,20.2,39.5,15.9,23.1
2006,120.230769230769,219,132,172,156,-0.691707598882821,-1.5680408630108,-9.74705882352941,-10.5529411764706,-0.887500000000003,-1.05882352941176,-9.0625,-12.6235294117647,6.19411764705882,-10.6625,-5.05294117647058,-16.75,1.11919134453781,0.831817176470589,0.976581411764706,0.880972537815127,1.11224050420168,16.5,-99,-99,2.67,2.3,1.78,5.34,8.21,8.36,9.34,9.15,9.35,0.259416666666667,"BB",1.33981746032513,0.698205329005734,-0.472066165015746,0.084307433707825,1.43875755045456,1.11852940244852,0.864977058021276,-0.546062284175938,-0.66516046863533,-1.14546324002726,-0.653068105777545,0.185594667390053,-0.425363020590033,0.602905187670043,-0.167104748041233,-0.69702003632614,0.781029949874691,17.46,23.7,31.8,13.6,14.7
2006,120.230769230769,219,132,172,156,-0.691707598882821,-1.5680408630108,-9.74705882352941,-10.5529411764706,-0.887500000000003,-1.05882352941176,-9.0625,-12.6235294117647,6.19411764705882,-10.6625,-5.05294117647058,-16.75,1.11919134453781,0.831817176470589,0.976581411764706,0.880972537815127,1.11224050420168,16.5,-99,-99,2.67,2.3,1.78,5.34,8.21,8.36,9.34,9.15,9.35,0.259416666666667,"FC",0.748652346319686,0.396576307540648,-0.667043733009731,0.0506422824206878,-0.0330644401560235,-0.5535768908524,-0.600897264498773,-1.06715573207856,-0.820054550793886,-1.04313625526066,-0.596276520670658,0.370999324765591,-0.0617796248569902,-0.0105256570601545,-0.711538064902816,-1.3701474245731,-0.527309862486741,17.46,23.7,31.8,13.6,14.7
2006,120.230769230769,219,132,172,156,-0.691707598882821,-1.5680408630108,-9.74705882352941,-10.5529411764706,-0.887500000000003,-1.05882352941176,-9.0625,-12.6235294117647,6.19411764705882,-10.6625,-5.05294117647058,-16.75,1.11919134453781,0.831817176470589,0.976581411764706,0.880972537815127,1.11224050420168,16.5,-99,-99,2.67,2.3,1.78,5.34,8.21,8.36,9.34,9.15,9.35,0.259416666666667,"SEGB",0.511621627034956,-0.050599895408097,-0.28276154898361,-0.0985718782690427,-0.598234611022636,0.459455508219828,-0.642636923547594,-0.889120272035187,-0.986765953696659,0.384144808567833,-0.280064717486605,-0.884554601882808,-0.258389762782481,-1.02618078521036,-1.57287727881213,-1.03375344360873,-0.052759002581909,17.46,23.7,31.8,13.6,14.7
2006,120.230769230769,219,132,172,156,-0.691707598882821,-1.5680408630108,-9.74705882352941,-10.5529411764706,-0.887500000000003,-1.05882352941176,-9.0625,-12.6235294117647,6.19411764705882,-10.6625,-5.05294117647058,-16.75,1.11919134453781,0.831817176470589,0.976581411764706,0.880972537815127,1.11224050420168,16.5,-99,-99,2.67,2.3,1.78,5.34,8.21,8.36,9.34,9.15,9.35,0.259416666666667,"SI",-0.262612906999083,0.560785437165949,1.20519075755892,0.0278904167482964,0.598272041610738,-1.75582383371993,1.29207924659555,0.321767519687978,1.12027339605968,-1.24655207954592,-0.351340482683186,0.388551118047479,0.906466138751076,1.71074411614001,-0.195188541451227,-0.386351034804748,-0.727375331473989,17.46,23.7,31.8,13.6,14.7
2007,178,247,169,193,252,-0.314302169346812,1.01593317968592,7.55294117647059,1.94705882352941,12.7125,10.8411764705882,30.8375,-2.3235294117647,-1.30588235294118,-3.2625,-5.25294117647059,-10.05,-0.374225798319327,-0.285870823529411,-0.710923159663865,-0.237126890756303,-0.759638924369749,44.5,2.15,1.81,2.97,3.09,1.8,4.14,6.33,7.17,8.04,8.15,8.24,0.140416666666667,"BB",-0.682265885117634,0.696940581979822,0.265319716811453,-0.179490733589592,-0.227983727299414,-0.815836174861416,0.315362204140775,-0.517897456541925,-1.06816708030392,0.69113821581432,-0.661147096717654,0.977869209804933,1.25608019220728,0.748055777179491,-0.571563399352799,-0.454171650869632,-0.938706272789795,23.26,22.4,42.5,19.3,27.7
2007,178,247,169,193,252,-0.314302169346812,1.01593317968592,7.55294117647059,1.94705882352941,12.7125,10.8411764705882,30.8375,-2.3235294117647,-1.30588235294118,-3.2625,-5.25294117647059,-10.05,-0.374225798319327,-0.285870823529411,-0.710923159663865,-0.237126890756303,-0.759638924369749,44.5,2.15,1.81,2.97,3.09,1.8,4.14,6.33,7.17,8.04,8.15,8.24,0.140416666666667,"FC",-1.71563111017777,-0.224019061901775,-0.586134576694603,0.317209068402269,-0.607651926833839,-0.902969745452245,-0.610975668649593,-0.177253982995527,-1.75996264042601,0.236197778014171,0.609898328213666,0.772877803975456,1.59040134994233,0.434103621968699,-0.766197230723357,0.158436958038605,0.385162740995171,23.26,22.4,42.5,19.3,27.7
2007,178,247,169,193,252,-0.314302169346812,1.01593317968592,7.55294117647059,1.94705882352941,12.7125,10.8411764705882,30.8375,-2.3235294117647,-1.30588235294118,-3.2625,-5.25294117647059,-10.05,-0.374225798319327,-0.285870823529411,-0.710923159663865,-0.237126890756303,-0.759638924369749,44.5,2.15,1.81,2.97,3.09,1.8,4.14,6.33,7.17,8.04,8.15,8.24,0.140416666666667,"SEGB",-1.12870646180625,0.236747388864578,-0.38815570410878,0.0153534555848648,-0.430163814503758,-0.866613507015248,0.762869783215784,-0.142224045187381,-1.14702320858166,0.270893446816793,0.501216459699062,0.249335632038777,0.342132661566367,0.75602588482689,0.488081262127571,0.883834150914244,0.0314744630525465,23.26,22.4,42.5,19.3,27.7
2007,178,247,169,193,252,-0.314302169346812,1.01593317968592,7.55294117647059,1.94705882352941,12.7125,10.8411764705882,30.8375,-2.3235294117647,-1.30588235294118,-3.2625,-5.25294117647059,-10.05,-0.374225798319327,-0.285870823529411,-0.710923159663865,-0.237126890756303,-0.759638924369749,44.5,2.15,1.81,2.97,3.09,1.8,4.14,6.33,7.17,8.04,8.15,8.24,0.140416666666667,"SI",1.37464206742636,0.559528489354669,0.329970186363819,0.0741536819735061,0.242473470283187,-1.49668166814351,1.17659111551463,0.649906321036082,-1.23075821708181,0.484035641769603,-0.351340482683191,-1.48203100934276,-0.817807359562418,0.217683976741755,1.38158960075875,-0.60542198131237,0.672606830058549,23.26,22.4,42.5,19.3,27.7
2008,133,186,170,193,200,1.03964101915401,0.805514108672059,9.65294117647058,9.64705882352941,-18.7875,-11.1588235294118,NA,-10.6235294117647,2.59411764705882,6.83749999999999,9.64705882352941,NA,-0.00755265546218498,0.0432651764705878,-0.0123083025210067,-0.0950891764705878,0.120967932773108,46.9,2.21,1.83,2.6,2.48,1.7,5.66,8,7.74,8.23,8.13,8.68,0.131416666666667,"BB",-0.787963718860425,0.325064622598181,0.797030461219624,0.073461232678451,-0.792777917639297,-0.646315777858319,0.532542413450991,-0.546216247814523,-1.09454234121984,0.0412431526588354,-0.653989016749586,-0.041984979114688,0.745344794875502,0.725976065811468,-0.228733206495889,0.657325873955473,0.826973552060807,25.06,28.9,50,15.6,23.3
2008,133,186,170,193,200,1.03964101915401,0.805514108672059,9.65294117647058,9.64705882352941,-18.7875,-11.1588235294118,NA,-10.6235294117647,2.59411764705882,6.83749999999999,9.64705882352941,NA,-0.00755265546218498,0.0432651764705878,-0.0123083025210067,-0.0950891764705878,0.120967932773108,46.9,2.21,1.83,2.6,2.48,1.7,5.66,8,7.74,8.23,8.13,8.68,0.131416666666667,"FC",-0.2353897050375,0.119771805150921,-0.189692908009721,0.33643171549144,0.0625700602667388,0.112644075341155,0.292871678303237,-0.97824130644462,0.0244139192128549,-0.271244731106122,0.39274050558025,0.284867203908684,-0.655772544944481,0.267870671452043,-0.697846982876726,1.15041447615875,-0.107822149965995,25.06,28.9,50,15.6,23.3
2008,133,186,170,193,200,1.03964101915401,0.805514108672059,9.65294117647058,9.64705882352941,-18.7875,-11.1588235294118,NA,-10.6235294117647,2.59411764705882,6.83749999999999,9.64705882352941,NA,-0.00755265546218498,0.0432651764705878,-0.0123083025210067,-0.0950891764705878,0.120967932773108,46.9,2.21,1.83,2.6,2.48,1.7,5.66,8,7.74,8.23,8.13,8.68,0.131416666666667,"SEGB",0.26904387081294,0.115294434409977,-0.617587035504111,-0.574423882979152,0.30851997293105,-0.339021506727356,0.273510408020795,-0.509876850666475,-0.459779336909197,-0.286557488746014,0.740091758456033,0.443689189061229,0.282959331766021,0.0839334635855298,-0.957481512799101,-1.14222927924252,0.474328029754774,25.06,28.9,50,15.6,23.3
2008,133,186,170,193,200,1.03964101915401,0.805514108672059,9.65294117647058,9.64705882352941,-18.7875,-11.1588235294118,NA,-10.6235294117647,2.59411764705882,6.83749999999999,9.64705882352941,NA,-0.00755265546218498,0.0432651764705878,-0.0123083025210067,-0.0950891764705878,0.120967932773108,46.9,2.21,1.83,2.6,2.48,1.7,5.66,8,7.74,8.23,8.13,8.68,0.131416666666667,"SI",-1.86831487447494,-0.0631259918297153,0.312872546563241,1.23326825720838,-0.675016726210059,0.779028680281505,-0.0818527342324569,-0.149377960782149,-0.611595134065462,1.55950600335946,1.0014746064226,-0.365736548955121,0.766026862669285,-0.615187510437331,0.276425855350736,-1.16435486994057,-1.42455497315901,25.06,28.9,50,15.6,23.3
2009,120.230769230769,228,163,204,269,0.839361206949224,1.64452264173213,-0.147058823529413,8.64705882352941,6.7125,-18.0588235294118,4.9375,0.976470588235301,-9.30588235294118,-1.66250000000001,-24.8529411764706,11.95,-0.63911494117647,-0.191978823529412,0.0852019831932775,-0.176826319327731,-0.110832638655462,63.3,2.65,1.81,2.66,2.56,1.77,4.22,5.95,6.42,7.51,8.36,8.51,0.0325,"BB",1.16411888241845,0.380393924449289,1.31181295495392,1.03797393769297,-0.0207570330185206,0.501813058299383,0.285970734824612,-1.10872373628332,2.27051479646763,-0.493173073519755,2.10460171091198,-0.124245626636745,1.33043763746527,0.683662114304933,0.294988342184695,0.682594930690042,-0.20829052842787,21.86,33.2,63.8,25.2,27.5
2009,120.230769230769,228,163,204,269,0.839361206949224,1.64452264173213,-0.147058823529413,8.64705882352941,6.7125,-18.0588235294118,4.9375,0.976470588235301,-9.30588235294118,-1.66250000000001,-24.8529411764706,11.95,-0.63911494117647,-0.191978823529412,0.0852019831932775,-0.176826319327731,-0.110832638655462,63.3,2.65,1.81,2.66,2.56,1.77,4.22,5.95,6.42,7.51,8.36,8.51,0.0325,"FC",-1.05114748751833,-0.338228387173497,1.35047146294093,1.77322471548614,-0.742518012580026,-1.45438157132814,1.04318867948947,-0.64591564438579,0.768189405907205,0.0975671471196126,0.819896586659602,1.08963672942277,0.955622096855596,0.357170608077885,-0.478642842845831,0.0968782807148664,-1.69635095108115,21.86,33.2,63.8,25.2,27.5
2009,120.230769230769,228,163,204,269,0.839361206949224,1.64452264173213,-0.147058823529413,8.64705882352941,6.7125,-18.0588235294118,4.9375,0.976470588235301,-9.30588235294118,-1.66250000000001,-24.8529411764706,11.95,-0.63911494117647,-0.191978823529412,0.0852019831932775,-0.176826319327731,-0.110832638655462,63.3,2.65,1.81,2.66,2.56,1.77,4.22,5.95,6.42,7.51,8.36,8.51,0.0325,"SEGB",-0.244142507125866,0.507130683300825,0.0995431225390004,0.0395479049696512,0.371095535981763,0.896700942130932,0.275009907148659,-0.776389166702362,0.290356700383565,-1.69445984578301,3.0637851849624,2.12245868538814,1.28561268263807,0.673268715895658,-0.527583069855924,0.397548738295378,1.00717889154044,21.86,33.2,63.8,25.2,27.5
2009,120.230769230769,228,163,204,269,0.839361206949224,1.64452264173213,-0.147058823529413,8.64705882352941,6.7125,-18.0588235294118,4.9375,0.976470588235301,-9.30588235294118,-1.66250000000001,-24.8529411764706,11.95,-0.63911494117647,-0.191978823529412,0.0852019831932775,-0.176826319327731,-0.110832638655462,63.3,2.65,1.81,2.66,2.56,1.77,4.22,5.95,6.42,7.51,8.36,8.51,0.0325,"SI",2.41347702427951,-1.3000560958914,-0.00516436175826278,0.380211969284663,0.137592709862833,0.862626356534457,-0.472316918454537,-0.60815143510515,0.506655103040995,0.549752799110205,2.76986759556659,0.68649939366109,0.602747798132138,-0.706238409653653,-1.15029191716975,0.275427835029253,-0.67771599263991,21.86,33.2,63.8,25.2,27.5
2010,117,217,162,168,294,-1.55082244257066,-2.19920586048668,-15.4470588235294,-24.3529411764706,-9.2875,-17.1588235294118,1.0375,-3.7235294117647,-12.6058823529412,-11.5625,-9.35294117647059,-4.85000000000001,-0.316916655462185,-0.169922823529412,-0.0184174453781489,0.0443965378151261,-0.0259446386554607,10.4,3,2.02,3.16,2.94,2.22,4.7,6.89,7.15,7.74,7.67,8.96,0.343166666666667,"BB",-0.0700724744612757,0.482513713117414,-0.484868898976213,0.944537525362963,-0.125126971393486,-0.226841964434337,1.48129065299225,0.488042144018679,-1.33090622052919,0.692112139493691,1.9660613465348,1.0289159699477,0.861309753413862,0.754146570774177,0.56631450856926,-0.193810235712028,-0.159364998717146,-4.64,17.7,42.6,19.9,7.8
2010,117,217,162,168,294,-1.55082244257066,-2.19920586048668,-15.4470588235294,-24.3529411764706,-9.2875,-17.1588235294118,1.0375,-3.7235294117647,-12.6058823529412,-11.5625,-9.35294117647059,-4.85000000000001,-0.316916655462185,-0.169922823529412,-0.0184174453781489,0.0443965378151261,-0.0259446386554607,10.4,3,2.02,3.16,2.94,2.22,4.7,6.89,7.15,7.74,7.67,8.96,0.343166666666667,"FC",0.85853084958639,0.941680699304965,-0.379481473410539,0.303258906485356,-0.67261951103994,0.564001547919696,1.21973049515594,0.347021576019174,0.0654837004082165,0.715178437965304,0.37042372862713,1.11728406143336,0.834456928532183,2.09650384330799,0.273160748582332,0.540400576552073,-0.848576227464262,-4.64,17.7,42.6,19.9,7.8
2010,117,217,162,168,294,-1.55082244257066,-2.19920586048668,-15.4470588235294,-24.3529411764706,-9.2875,-17.1588235294118,1.0375,-3.7235294117647,-12.6058823529412,-11.5625,-9.35294117647059,-4.85000000000001,-0.316916655462185,-0.169922823529412,-0.0184174453781489,0.0443965378151261,-0.0259446386554607,10.4,3,2.02,3.16,2.94,2.22,4.7,6.89,7.15,7.74,7.67,8.96,0.343166666666667,"SEGB",1.25868626829619,0.744836930364753,0.652406788526862,0.617184568886003,-0.761417707773966,1.73161709433729,0.533642298968418,-0.136965134280186,1.38488968183245,1.19422409335544,0.346072667211342,1.34807712976663,2.29294486299294,0.764909239147857,0.180651579673923,0.379077556246338,0.0460676388172759,-4.64,17.7,42.6,19.9,7.8
2010,117,217,162,168,294,-1.55082244257066,-2.19920586048668,-15.4470588235294,-24.3529411764706,-9.2875,-17.1588235294118,1.0375,-3.7235294117647,-12.6058823529412,-11.5625,-9.35294117647059,-4.85000000000001,-0.316916655462185,-0.169922823529412,-0.0184174453781489,0.0443965378151261,-0.0259446386554607,10.4,3,2.02,3.16,2.94,2.22,4.7,6.89,7.15,7.74,7.67,8.96,0.343166666666667,"SI",1.72451751687418,0.298412006084145,-0.0889628064471446,-0.69842804507038,-0.693889659462645,1.16322416106451,0.37474661640081,-0.600591795774043,-1.39755202431505,1.02107045846016,-0.417135191450836,0.462262358962609,0.673403878960042,-0.022782715378883,0.347962201776126,0.261055407710275,-0.615029782668638,-4.64,17.7,42.6,19.9,7.8
2011,149,213,154,154,169,-1.56506920927043,-0.648644474764546,-25.9470588235294,-17.0529411764706,-0.0874999999999986,-13.3588235294118,-2.66249999999999,11.8764705882353,13.0941176470588,-4.0625,13.3470588235294,-8.85000000000001,-0.149220655462185,-0.149850823529412,0.238844840336134,-0.275595462184872,0.446674789915962,8.5,3.33,2.71,3.26,3.54,2.47,4.56,6.67,6.78,8.23,8.35,8.35,0.0956666666666667,"BB",-0.101980606674576,0.220302713789853,-0.858402309700496,0.951946066451766,-0.546116043078307,0.816149298835985,-1.97509599488582,-0.428881091354284,-0.360250758132514,2.15594082223555,0.253420336694875,-0.286446973080845,0.904228025064851,0.102968235553725,-0.649838779250066,0.374694084442792,1.65854855409266,10.2,16.1,36.1,6.9,8.3
2011,149,213,154,154,169,-1.56506920927043,-0.648644474764546,-25.9470588235294,-17.0529411764706,-0.0874999999999986,-13.3588235294118,-2.66249999999999,11.8764705882353,13.0941176470588,-4.0625,13.3470588235294,-8.85000000000001,-0.149220655462185,-0.149850823529412,0.238844840336134,-0.275595462184872,0.446674789915962,8.5,3.33,2.71,3.26,3.54,2.47,4.56,6.67,6.78,8.23,8.35,8.35,0.0956666666666667,"FC",-0.630447253865017,0.964415127037737,-1.2733205442302,-0.919565694517251,-1.22414136960564,1.68585192171553,-0.747619864118626,-1.15926880054955,0.100392086433681,-0.103085129928242,1.89014415085981,0.420436265477889,-2.3375850907469,-0.106075877464138,-1.14501467751447,0.5930897262093,0.0136671317044088,10.2,16.1,36.1,6.9,8.3
2011,149,213,154,154,169,-1.56506920927043,-0.648644474764546,-25.9470588235294,-17.0529411764706,-0.0874999999999986,-13.3588235294118,-2.66249999999999,11.8764705882353,13.0941176470588,-4.0625,13.3470588235294,-8.85000000000001,-0.149220655462185,-0.149850823529412,0.238844840336134,-0.275595462184872,0.446674789915962,8.5,3.33,2.71,3.26,3.54,2.47,4.56,6.67,6.78,8.23,8.35,8.35,0.0956666666666667,"SEGB",1.16878591137417,0.935302999157542,-0.713607678483561,-0.366503658438887,-0.903015814314487,0.804537563415654,-1.4857542720961,-0.636657525541465,1.16399708372852,-0.0547246445850822,-0.284592091030688,-1.08602425351698,1.93507692309736,1.09784057912739,0.5437607012274,1.04710718103398,0.138526412372669,10.2,16.1,36.1,6.9,8.3
2011,149,213,154,154,169,-1.56506920927043,-0.648644474764546,-25.9470588235294,-17.0529411764706,-0.0874999999999986,-13.3588235294118,-2.66249999999999,11.8764705882353,13.0941176470588,-4.0625,13.3470588235294,-8.85000000000001,-0.149220655462185,-0.149850823529412,0.238844840336134,-0.275595462184872,0.446674789915962,8.5,3.33,2.71,3.26,3.54,2.47,4.56,6.67,6.78,8.23,8.35,8.35,0.0956666666666667,"SI",0.156300716176143,0.639863755487234,-1.6971842507986,-1.38957840490959,-0.535419861880405,0.45757080824735,-0.339663931725431,0.58574592281739,0.563569123261313,-0.489107592871855,2.35415373649169,-0.0422130782135791,0.213466262223579,0.115330245259134,0.433792184417476,0.308470099864546,1.64279100748986,10.2,16.1,36.1,6.9,8.3
2012,163,193,157,166,183,-0.227095434209011,0.301907173556073,-15.7470588235294,-21.3529411764706,-12.0875,4.44117647058824,17.8375,1.5764705882353,-0.905882352941177,-3.36250000000001,-5.05294117647058,-10.35,0.154803915966387,0.340710890756302,0.231195126050418,0.25318168067227,0.770578218487394,26.2,3.32,2.34,2.86,2.78,1.84,5.51,7.89,8.15,8.83,9.38,10.12,0.2075,"BB",0.238399076053932,0.438224053214772,-1.23571670755155,-0.59886571711786,-0.793018639455002,0.816779670107047,-0.920647202376962,-1.46524975905586,-1.08231376764649,-0.656697916993067,1.79391512112283,0.167371170442371,-0.35031508436128,-0.580123153959005,-0.180996432135146,0.915857814102859,1.47894824375303,32.2,24.5,46.1,21,25.7
2012,163,193,157,166,183,-0.227095434209011,0.301907173556073,-15.7470588235294,-21.3529411764706,-12.0875,4.44117647058824,17.8375,1.5764705882353,-0.905882352941177,-3.36250000000001,-5.05294117647058,-10.35,0.154803915966387,0.340710890756302,0.231195126050418,0.25318168067227,0.770578218487394,26.2,3.32,2.34,2.86,2.78,1.84,5.51,7.89,8.15,8.83,9.38,10.12,0.2075,"FC",0.53872634197203,1.18179218894139,-0.60641326375663,-0.588373002515219,-0.194251759551111,0.69418395057512,0.266383563547947,-0.496013096496282,0.0490874310440238,-1.45023179499276,1.81488432185438,0.384964446894618,0.910875108776977,0.40509177066873,-0.657745498692203,1.86929155548342,1.60062070800292,32.2,24.5,46.1,21,25.7
2012,163,193,157,166,183,-0.227095434209011,0.301907173556073,-15.7470588235294,-21.3529411764706,-12.0875,4.44117647058824,17.8375,1.5764705882353,-0.905882352941177,-3.36250000000001,-5.05294117647058,-10.35,0.154803915966387,0.340710890756302,0.231195126050418,0.25318168067227,0.770578218487394,26.2,3.32,2.34,2.86,2.78,1.84,5.51,7.89,8.15,8.83,9.38,10.12,0.2075,"SEGB",-1.15666870460759,0.354658690623432,-1.35077889100155,-0.441361227331653,1.71402342579617,1.03337998535345,-0.0482768614745976,1.26020323591325,1.38811839089191,0.875296849617454,0.503505296377935,-0.531970384489658,-0.749596999270187,1.03388169606141,-1.33562605518341,1.11303067640063,-1.13263167405568,32.2,24.5,46.1,21,25.7
2012,163,193,157,166,183,-0.227095434209011,0.301907173556073,-15.7470588235294,-21.3529411764706,-12.0875,4.44117647058824,17.8375,1.5764705882353,-0.905882352941177,-3.36250000000001,-5.05294117647058,-10.35,0.154803915966387,0.340710890756302,0.231195126050418,0.25318168067227,0.770578218487394,26.2,3.32,2.34,2.86,2.78,1.84,5.51,7.89,8.15,8.83,9.38,10.12,0.2075,"SI",-0.955025233861633,-0.288674660387361,-1.11007079439082,-1.14007375048552,-0.672173780871781,0.936254891518879,-0.319457639778565,-0.478395530176723,-1.5932102722795,-0.0758287056193275,-0.569999482559993,0.0174299694770913,0.446566300176593,-1.38231659093326,0.539581851722162,1.55308821755866,1.73061436688749,32.2,24.5,46.1,21,25.7
2013,111,202,142,152,152,-0.872440211645979,-0.406631385713912,-15.6470588235294,-4.55294117647059,4.2125,-6.05882352941176,-22.8625,0.676470588235304,3.79411764705881,-9.2625,4.44705882352942,15.55,-0.124946369747899,0.302041176470588,0.470976840336135,0.189861109243697,0.403704504201683,18.5,2.95,2.02,2.7,2.42,1.82,3.86,6.1,7.3,8.7,8.89,9.47,0.160583333333333,"BB",-0.923562503002547,0.844347403265541,0.941618367318559,0.617490603596773,-0.140144749914805,0.811193577812429,0.683351209614483,0.318499688593449,1.1127218011117,-0.33834137117936,-0.541299795531692,0.670382570560301,0.266393826340536,0.989475207416506,1.82567778130096,0.853180044558868,-0.669110332962743,17.1,23,47.7,18.9,17.2
2013,111,202,142,152,152,-0.872440211645979,-0.406631385713912,-15.6470588235294,-4.55294117647059,4.2125,-6.05882352941176,-22.8625,0.676470588235304,3.79411764705881,-9.2625,4.44705882352942,15.55,-0.124946369747899,0.302041176470588,0.470976840336135,0.189861109243697,0.403704504201683,18.5,2.95,2.02,2.7,2.42,1.82,3.86,6.1,7.3,8.7,8.89,9.47,0.160583333333333,"FC",0.443366277756801,0.101867427697005,-0.385045654739029,0.160473390394231,-0.745163944831399,1.20560809925432,0.0194250080174787,0.0876633245188018,0.547959697649725,0.372572330141162,-0.0671307739808405,0.352138836980775,-0.681927362252992,0.797777507466842,1.18793302917628,0.364946518241132,-0.315156112981706,17.1,23,47.7,18.9,17.2
2013,111,202,142,152,152,-0.872440211645979,-0.406631385713912,-15.6470588235294,-4.55294117647059,4.2125,-6.05882352941176,-22.8625,0.676470588235304,3.79411764705881,-9.2625,4.44705882352942,15.55,-0.124946369747899,0.302041176470588,0.470976840336135,0.189861109243697,0.403704504201683,18.5,2.95,2.02,2.7,2.42,1.82,3.86,6.1,7.3,8.7,8.89,9.47,0.160583333333333,"SEGB",-1.01486241777854,0.464446520962792,0.764001170605827,0.399774561232898,-0.91006513714392,0.871327927233252,0.194263925582056,-0.108060757168365,-0.608256623402078,-0.56264943606723,-0.101005798475696,-0.194320549579214,-0.316776678713514,-0.240910275747707,1.34744939786529,-0.585395227883408,-0.522731549215391,17.1,23,47.7,18.9,17.2
2013,111,202,142,152,152,-0.872440211645979,-0.406631385713912,-15.6470588235294,-4.55294117647059,4.2125,-6.05882352941176,-22.8625,0.676470588235304,3.79411764705881,-9.2625,4.44705882352942,15.55,-0.124946369747899,0.302041176470588,0.470976840336135,0.189861109243697,0.403704504201683,18.5,2.95,2.02,2.7,2.42,1.82,3.86,6.1,7.3,8.7,8.89,9.47,0.160583333333333,"SI",0.453396877732776,0.347901070948119,1.10817492835202,0.848172782936,-0.649585465596484,0.853938186809847,-0.170295540774211,0.297270397809765,0.911122866227254,-0.493340929690842,-0.520729953857502,1.12380487386425,0.0658285980130358,-0.0922041463487159,-0.104989202777745,1.40479053042077,-0.471652282446406,17.1,23,47.7,18.9,17.2
2014,112,162,158,177,201,1.75485079708484,0.600529703656709,5.45294117647059,-19.7529411764706,-1.3875,37.1411764705882,-28.1625,-4.5235294117647,23.9941176470588,3.7375,-15.1529411764706,11.65,-0.0755652268907574,-0.211679394957984,-0.0871471596638655,-0.314467462184873,-0.457434352941176,62.5,2.98,1.42,2.67,2.31,-99,4.86,7.59,7.82,7.54,8.33,9.65,0.09625,"BB",1.88123988114196,-0.112854705633703,0.579822291771404,-1.07496214631269,0.721078463103369,-0.30862943461192,-0.376058796317414,0.0756775497182809,1.80398296618054,-1.59302555632642,0.999134787261516,0.382723293186308,0.096105501121955,-0.675919208078017,1.52508082447774,0.266186993149736,-0.961892408187436,31.97,31.1,60.4,34.7,28.5
2014,112,162,158,177,201,1.75485079708484,0.600529703656709,5.45294117647059,-19.7529411764706,-1.3875,37.1411764705882,-28.1625,-4.5235294117647,23.9941176470588,3.7375,-15.1529411764706,11.65,-0.0755652268907574,-0.211679394957984,-0.0871471596638655,-0.314467462184873,-0.457434352941176,62.5,2.98,1.42,2.67,2.31,-99,4.86,7.59,7.82,7.54,8.33,9.65,0.09625,"FC",1.71361227193973,-0.397342278914445,0.968808887908641,-0.0868067477808994,1.33814516132156,1.38608792681008,-0.303019101708375,0.443814015363856,0.727230073243819,-0.259347509144361,0.46021134836044,0.0301812960383919,-0.610003970025617,-0.339899269767672,1.58775296662895,-0.288490541779491,1.22423370466213,31.97,31.1,60.4,34.7,28.5
2014,112,162,158,177,201,1.75485079708484,0.600529703656709,5.45294117647059,-19.7529411764706,-1.3875,37.1411764705882,-28.1625,-4.5235294117647,23.9941176470588,3.7375,-15.1529411764706,11.65,-0.0755652268907574,-0.211679394957984,-0.0871471596638655,-0.314467462184873,-0.457434352941176,62.5,2.98,1.42,2.67,2.31,-99,4.86,7.59,7.82,7.54,8.33,9.65,0.09625,"SEGB",-0.642915805367784,-0.106936271267846,0.148263957860319,-0.0996976676662207,-0.092748688660549,0.0573326156059652,1.07777263132652,-0.00244260270784024,1.08156168823462,-1.18593347961812,0.787028896306222,0.490784563085571,-0.193438803417481,-0.0954481021055967,1.80660185814419,1.29472072549251,1.25257409875918,31.97,31.1,60.4,34.7,28.5
2014,112,162,158,177,201,1.75485079708484,0.600529703656709,5.45294117647059,-19.7529411764706,-1.3875,37.1411764705882,-28.1625,-4.5235294117647,23.9941176470588,3.7375,-15.1529411764706,11.65,-0.0755652268907574,-0.211679394957984,-0.0871471596638655,-0.314467462184873,-0.457434352941176,62.5,2.98,1.42,2.67,2.31,-99,4.86,7.59,7.82,7.54,8.33,9.65,0.09625,"SI",-0.53863425985896,-0.961857133224276,0.326625583855767,1.98998242649726,-0.367161612749266,1.44504663807654,-0.449865149214319,0.0333976917006063,0.0281364875102732,1.12747786278842,-0.558896287805361,-0.155444436569328,-0.210095598397707,-1.44928449706473,0.365237443287278,0.503949438725156,0.993945946303527,31.97,31.1,60.4,34.7,28.5
2015,79,230,167,173,202,1.37161724895419,0.759261594221152,-18.6470588235294,-12.0529411764706,-11.6875,-5.15882352941177,-14.7625,14.7764705882353,23.4941176470588,16.4375,28.8470588235294,7.84999999999999,0.186400773109245,-0.31818625210084,-0.396354588235294,-0.0412886050420165,-0.620298924369745,51.5,2.88,1.45,2.46,2.55,1.61,3.9,5.76,6.42,7.08,8.02,8.58,0.108583333333333,"BB",0.487070363957306,-0.105076973625694,1.13293938884466,0.868538678774576,-0.218717517018374,0.118085502340729,1.29115049037443,1.01446889885325,0.42331298339658,0.0249262448450308,-0.452574386440815,0.147431909629508,0.718250039347155,0.690770500039372,0.987257715988126,0.65143955513861,-0.227117875907765,38.27,30.5,59,30,25.9
2015,79,230,167,173,202,1.37161724895419,0.759261594221152,-18.6470588235294,-12.0529411764706,-11.6875,-5.15882352941177,-14.7625,14.7764705882353,23.4941176470588,16.4375,28.8470588235294,7.84999999999999,0.186400773109245,-0.31818625210084,-0.396354588235294,-0.0412886050420165,-0.620298924369745,51.5,2.88,1.45,2.46,2.55,1.61,3.9,5.76,6.42,7.08,8.02,8.58,0.108583333333333,"FC",1.21607120046498,-0.0560180901317927,1.97951280430931,0.0142766753615864,1.68193693353937,0.144379178442912,0.394928951054608,1.0857252833607,1.49941535684236,0.792564686439753,-0.231075306016007,0.180376154419195,1.65194828963648,0.485164752848348,1.99615633974882,0.766976804656236,1.449701456307,38.27,30.5,59,30,25.9
2015,79,230,167,173,202,1.37161724895419,0.759261594221152,-18.6470588235294,-12.0529411764706,-11.6875,-5.15882352941177,-14.7625,14.7764705882353,23.4941176470588,16.4375,28.8470588235294,7.84999999999999,0.186400773109245,-0.31818625210084,-0.396354588235294,-0.0412886050420165,-0.620298924369745,51.5,2.88,1.45,2.46,2.55,1.61,3.9,5.76,6.42,7.08,8.02,8.58,0.108583333333333,"SEGB",0.350940873865923,-0.356863475572123,-0.612292534966696,-0.171102763891645,-0.0200790856447821,-1.37865214908162,0.389189140022188,0.452525474015071,0.427584806984055,1.30283428531241,0.0125162278238244,1.03186822883812,0.213084147461576,0.0727357217996679,1.34137258751548,0.757058190096186,2.16488875127858,38.27,30.5,59,30,25.9
2015,79,230,167,173,202,1.37161724895419,0.759261594221152,-18.6470588235294,-12.0529411764706,-11.6875,-5.15882352941177,-14.7625,14.7764705882353,23.4941176470588,16.4375,28.8470588235294,7.84999999999999,0.186400773109245,-0.31818625210084,-0.396354588235294,-0.0412886050420165,-0.620298924369745,51.5,2.88,1.45,2.46,2.55,1.61,3.9,5.76,6.42,7.08,8.02,8.58,0.108583333333333,"SI",0.253531261514674,-0.715680000427862,1.37408361171505,1.08551023086158,-1.03803992882834,0.702704336430346,0.738420080040698,0.635228687973098,0.80620517608727,0.216493424196903,-0.627244103418229,0.810364094572007,0.508115251544399,-0.354936960108958,1.19139012465996,0.0437344743412548,0.175527058221677,38.27,30.5,59,30,25.9
2016,92,215,192,202,231,0.978351544744818,0.523376960445775,29.9529411764706,6.84705882352941,-19.5875,-11.7588235294118,-6.4625,-21.4235294117647,15.7941176470588,12.3375,32.8470588235294,3.34999999999999,-0.174313226890756,-0.138161109243697,-0.319786588235294,-0.0632051764705871,-0.0931594957983177,39.4,3.41,1.53,2.8,2.42,1.78,3.68,6.28,6.76,7.44,8.32,9.18,0.337166666666667,"BB",-0.62475740395678,-0.381415523291447,0.214413985514959,0.93953417855377,0.836624448034144,1.89315018258686,0.769635968445205,2.39627928914179,0.45244055726415,1.12660512359759,-0.457436466924946,1.16616508000788,0.816614340316946,-0.386979936202708,1.71523413538888,1.67905501784705,-2.13459690589925,25.1,21.7,66.2,26.6,26.2
2016,92,215,192,202,231,0.978351544744818,0.523376960445775,29.9529411764706,6.84705882352941,-19.5875,-11.7588235294118,-6.4625,-21.4235294117647,15.7941176470588,12.3375,32.8470588235294,3.34999999999999,-0.174313226890756,-0.138161109243697,-0.319786588235294,-0.0632051764705871,-0.0931594957983177,39.4,3.41,1.53,2.8,2.42,1.78,3.68,6.28,6.76,7.44,8.32,9.18,0.337166666666667,"FC",1.40895277119973,0.130931182573853,1.76768182439221,1.76939224903717,1.35571995989592,0.806988693390244,0.745169161634289,1.69592021336328,2.36177794721645,0.0872062409080735,-0.741107812664523,-0.210157144716364,-0.323582229372577,1.37712871977767,1.69343585548895,-1.39927370248427,0.858177413341193,25.1,21.7,66.2,26.6,26.2
2016,92,215,192,202,231,0.978351544744818,0.523376960445775,29.9529411764706,6.84705882352941,-19.5875,-11.7588235294118,-6.4625,-21.4235294117647,15.7941176470588,12.3375,32.8470588235294,3.34999999999999,-0.174313226890756,-0.138161109243697,-0.319786588235294,-0.0632051764705871,-0.0931594957983177,39.4,3.41,1.53,2.8,2.42,1.78,3.68,6.28,6.76,7.44,8.32,9.18,0.337166666666667,"SEGB",-1.26336236007728,0.0773042715813808,1.21614158564426,0.222188440101463,0.171126014519533,0.301844258858163,1.41219432729556,1.89658643807099,0.838134348009206,-2.34540073651231,0.0769842017498255,-0.0425339364447003,-0.440243501840569,1.36704177395919,0.725162997283194,0.36697547307576,0.632820846764906,25.1,21.7,66.2,26.6,26.2
2016,92,215,192,202,231,0.978351544744818,0.523376960445775,29.9529411764706,6.84705882352941,-19.5875,-11.7588235294118,-6.4625,-21.4235294117647,15.7941176470588,12.3375,32.8470588235294,3.34999999999999,-0.174313226890756,-0.138161109243697,-0.319786588235294,-0.0632051764705871,-0.0931594957983177,39.4,3.41,1.53,2.8,2.42,1.78,3.68,6.28,6.76,7.44,8.32,9.18,0.337166666666667,"SI",-0.772339742213075,0.568754268585732,0.268953174116951,0.00088542682281457,0.898780975055455,0.122990691350298,0.538157669164984,-0.427388566116474,1.27353176311845,-0.994627026824359,-0.338337500405989,-0.380826018194552,0.488006313104203,0.565271309500091,1.44791375810989,0.488316598397755,-1.36389645385506,25.1,21.7,66.2,26.6,26.2
